name,cover,birthday,city
朴丽萝,http://www.meinv.hk/wp-content/themes/Grace/timthumb.php?src=http://www.meinv.hk/wp-content/uploads/2019/11/2019112807454373.jpg&h=300&w=750&zc=1,,
朴多贤,http://www.meinv.hk/wp-content/themes/Grace/timthumb.php?src=http://www.meinv.hk/wp-content/uploads/2019/11/2019112807423116.jpeg&h=300&w=750&zc=1,,
柳岩,http://www.meinv.hk/wp-content/themes/Grace/timthumb.php?src=http://www.meinv.hk/wp-content/uploads/2019/11/2019112807393859.jpg&h=300&w=750&zc=1,1980年11月8日,湖南衡阳
李妍静,http://www.meinv.hk/wp-content/themes/Grace/timthumb.php?src=http://www.meinv.hk/wp-content/uploads/2019/11/2019112807372745.jpg&h=300&w=750&zc=1,1992年7月5日,韩国首尔
李乔丹,http://www.meinv.hk/wp-content/themes/Grace/timthumb.php?src=http://www.meinv.hk/wp-content/uploads/2019/11/2019112807334893.jpg&h=300&w=750&zc=1,1990年3月8日,山西太原
李冰冰,http://www.meinv.hk/wp-content/themes/Grace/timthumb.php?src=http://www.meinv.hk/wp-content/uploads/2019/11/2019112807312129.jpg&h=300&w=750&zc=1,1973年2月27日,黑龙江哈尔滨
金鑫,http://www.meinv.hk/wp-content/themes/Grace/timthumb.php?src=http://www.meinv.hk/wp-content/uploads/2019/11/2019112807293313.jpg&h=300&w=750&zc=1,,
蒋梦婕,http://www.meinv.hk/wp-content/themes/Grace/timthumb.php?src=http://www.meinv.hk/wp-content/uploads/2019/11/2019112714592682.jpg&h=300&w=750&zc=1,1989年12月7日,安徽芜湖
