book_id,book_url,book_cover,book_name,author,tags,summary
2e86cbf9ad8d46f0b227ddf92b2ef0c1,//book.qidian.com/info/114559,//bookcover.yuewen.com/qdbimg/349573/114559/150,庆余年,猫腻,"['历史', '架空历史']","                        积善之家，必有余庆，留余庆，留余庆，忽遇恩人；幸娘亲，幸娘亲，积得阴功。劝人生，济困扶穷……而谁可知，人生于世，上承余庆，终究却是要自己做出道路抉择，正是所谓岔枝发：东风携云雨，幼藤吐新芽。急催如颦鼓                    "
c4a27ace4ce74673bfe340e9015bd53d,//book.qidian.com/info/1009704712,//bookcover.yuewen.com/qdbimg/349573/1009704712/150,牧神记,宅猪,"['玄幻', '东方玄幻']","                        大墟的祖训说，天黑，别出门。大墟残老村的老弱病残们从江边捡到了一个婴儿，取名秦牧，含辛茹苦将他养大。这一天夜幕降临，黑暗笼罩大墟，秦牧走出了家门……做个春风中荡漾的反派吧！瞎子对他说。秦牧的反派之路，                    "
56a438f67fbf4fe0898fbbff3f91bf2b,//book.qidian.com/info/1011526746,//bookcover.yuewen.com/qdbimg/349573/1011526746/150,覆汉,榴弹怕水,"['历史', '秦汉三国']","                        努力闻达于诸侯，以求苟全性命于乱世！作为一个遗腹子，公孙珣很早就从自己那个号称穿越者的老娘处获取了人生指导纲领。然而，跟着历史大潮随波逐流了一年又一年，他却发现情况渐渐有些不对了！这是一个半土著的男人                    "
987720f3fb1748be85df9b3df668cdb2,//book.qidian.com/info/1011251974,//bookcover.yuewen.com/qdbimg/349573/1011251974/150,联盟之魔王系统,神秘的大西瓜,"['游戏', '电子竞技']","                        理科学神陈牧，目标最高学府的好学生，却被系统选中，必须成为英雄联盟的大魔王！群聊号码：438301318vip群：584989166（粉丝值执事以上）                    "
83a1dac83daa41ffbcdf1b0ee09a253b,//book.qidian.com/info/1011085659,//bookcover.yuewen.com/qdbimg/349573/1011085659/150,纣临,三天两觉,"['科幻', '未来世界']","                        这只是个，关于一名平庸的、普通人的故事。                    "
c10c134ea3944b548b0e3a8f39a7846c,//book.qidian.com/info/3439785,//bookcover.yuewen.com/qdbimg/349573/3439785/150,修真四万年,卧牛真人,"['科幻', '未来世界']","                        “倘若这宇宙，真是一片残酷血腥的黑暗森林，我们修真者，也会燃烧自己的生命，绽放出微弱的火花！”“哪怕这火花再微弱，再短暂，再渺小，可是只要我们源源不断，前赴后继，终有一日，火花会点燃杂草，杂草会燎到灌                    "
c69ec2e708574285b8ad087ccef42d0a,//book.qidian.com/info/1343635,//bookcover.yuewen.com/qdbimg/349573/1343635/150,官居一品,三戒大师,"['历史', '两宋元明']","                        数风流，论成败，百年一梦多慷慨有心要励精图治挽天倾，哪怕身后骂名滚滚来。轻生死，重兴衰，海雨天风独往来。谁不想万里长城永不倒，也难料恨水东逝归大海。                    "
7b89ed2ddc784cc19a1275cd8a13dbc7,//book.qidian.com/info/1011497893,//bookcover.yuewen.com/qdbimg/349573/1011497893/150,极拳暴君,夜与雪,"['玄幻', '高武世界']","                        平行时空，全球灾变，秩序崩坏，世界沦为废土，幸存者百不存一，艰难求存。携带着一个残缺不全的主神，陈冲从另一个世界穿越而来了。超电磁炮，响雷果实，磁场转动，钛极金身......这是一个猛男的末世狂飙之旅                    "
3cfe37c03bf84e73a97a7917b2ad1000,//book.qidian.com/info/1013027141,//bookcover.yuewen.com/qdbimg/349573/1013027141/150,我家可能有位大佬,雨下的好大,"['玄幻', '东方玄幻']","                        江左有个貌美的老婆，可是她却经常出差。去干嘛？不是忙着给他带帽子，而是瞒着他降妖除魔去了。得知真相的江左连连叹息，看来自己也坐不住了。为了他美好的夫妻生活，江左只能暗中出手。降妖除魔嘛，维护天地秩序嘛                    "
7ef2c697c32c467aa64c98a3e31c4331,//book.qidian.com/info/3662715,//bookcover.yuewen.com/qdbimg/349573/3662715/150,大魏宫廷,贱宗首席弟子,"['历史', '架空历史']","                        新书《赵氏虎子》求收藏、推荐生作大魏皇子，愿当盛世闲王。志在偎红倚翠犬马声色，胸怀家国百姓社稷安危。若兄贤，若弟明，尔为人王吾偷闲。若尔不能使国强，吾来登基做帝王！————弘润《你不行我上》                    "
86efa22441034d4fb14aad3af1606a64,//book.qidian.com/info/114559,//bookcover.yuewen.com/qdbimg/349573/114559/150,庆余年,猫腻,"['历史', '架空历史']","                        积善之家，必有余庆，留余庆，留余庆，忽遇恩人；幸娘亲，幸娘亲，积得阴功。劝人生，济困扶穷……而谁可知，人生于世，上承余庆，终究却是要自己做出道路抉择，正是所谓岔枝发：东风携云雨，幼藤吐新芽。急催如颦鼓                    "
d41f31eb1c2e4aafa5c7071420fe5594,//book.qidian.com/info/1009704712,//bookcover.yuewen.com/qdbimg/349573/1009704712/150,牧神记,宅猪,"['玄幻', '东方玄幻']","                        大墟的祖训说，天黑，别出门。大墟残老村的老弱病残们从江边捡到了一个婴儿，取名秦牧，含辛茹苦将他养大。这一天夜幕降临，黑暗笼罩大墟，秦牧走出了家门……做个春风中荡漾的反派吧！瞎子对他说。秦牧的反派之路，                    "
f2fda2ab0717412ca71fa33052ea435d,//book.qidian.com/info/1011526746,//bookcover.yuewen.com/qdbimg/349573/1011526746/150,覆汉,榴弹怕水,"['历史', '秦汉三国']","                        努力闻达于诸侯，以求苟全性命于乱世！作为一个遗腹子，公孙珣很早就从自己那个号称穿越者的老娘处获取了人生指导纲领。然而，跟着历史大潮随波逐流了一年又一年，他却发现情况渐渐有些不对了！这是一个半土著的男人                    "
a487f6406ceb40b8bf46e4fa78c43b67,//book.qidian.com/info/1011251974,//bookcover.yuewen.com/qdbimg/349573/1011251974/150,联盟之魔王系统,神秘的大西瓜,"['游戏', '电子竞技']","                        理科学神陈牧，目标最高学府的好学生，却被系统选中，必须成为英雄联盟的大魔王！群聊号码：438301318vip群：584989166（粉丝值执事以上）                    "
e8d14904f3c04a1d92fd3a6fed13feb6,//book.qidian.com/info/1011085659,//bookcover.yuewen.com/qdbimg/349573/1011085659/150,纣临,三天两觉,"['科幻', '未来世界']","                        这只是个，关于一名平庸的、普通人的故事。                    "
89917030fb884808891611de25d51385,//book.qidian.com/info/3439785,//bookcover.yuewen.com/qdbimg/349573/3439785/150,修真四万年,卧牛真人,"['科幻', '未来世界']","                        “倘若这宇宙，真是一片残酷血腥的黑暗森林，我们修真者，也会燃烧自己的生命，绽放出微弱的火花！”“哪怕这火花再微弱，再短暂，再渺小，可是只要我们源源不断，前赴后继，终有一日，火花会点燃杂草，杂草会燎到灌                    "
10fcb7031e9248dea89883ef8e5fd312,//book.qidian.com/info/1343635,//bookcover.yuewen.com/qdbimg/349573/1343635/150,官居一品,三戒大师,"['历史', '两宋元明']","                        数风流，论成败，百年一梦多慷慨有心要励精图治挽天倾，哪怕身后骂名滚滚来。轻生死，重兴衰，海雨天风独往来。谁不想万里长城永不倒，也难料恨水东逝归大海。                    "
6b5253d9048042e89fde2af7eae4df2b,//book.qidian.com/info/1011497893,//bookcover.yuewen.com/qdbimg/349573/1011497893/150,极拳暴君,夜与雪,"['玄幻', '高武世界']","                        平行时空，全球灾变，秩序崩坏，世界沦为废土，幸存者百不存一，艰难求存。携带着一个残缺不全的主神，陈冲从另一个世界穿越而来了。超电磁炮，响雷果实，磁场转动，钛极金身......这是一个猛男的末世狂飙之旅                    "
914e614977e8455db299e404c554b522,//book.qidian.com/info/1013027141,//bookcover.yuewen.com/qdbimg/349573/1013027141/150,我家可能有位大佬,雨下的好大,"['玄幻', '东方玄幻']","                        江左有个貌美的老婆，可是她却经常出差。去干嘛？不是忙着给他带帽子，而是瞒着他降妖除魔去了。得知真相的江左连连叹息，看来自己也坐不住了。为了他美好的夫妻生活，江左只能暗中出手。降妖除魔嘛，维护天地秩序嘛                    "
ecccab8ddcfc4c6f99cb34b4ab9e79dd,//book.qidian.com/info/3662715,//bookcover.yuewen.com/qdbimg/349573/3662715/150,大魏宫廷,贱宗首席弟子,"['历史', '架空历史']","                        新书《赵氏虎子》求收藏、推荐生作大魏皇子，愿当盛世闲王。志在偎红倚翠犬马声色，胸怀家国百姓社稷安危。若兄贤，若弟明，尔为人王吾偷闲。若尔不能使国强，吾来登基做帝王！————弘润《你不行我上》                    "
23df731da1bf4eacbe99f9fedc43ad74,//book.qidian.com/info/114559,//bookcover.yuewen.com/qdbimg/349573/114559/150,庆余年,猫腻,"['历史', '架空历史']","                        积善之家，必有余庆，留余庆，留余庆，忽遇恩人；幸娘亲，幸娘亲，积得阴功。劝人生，济困扶穷……而谁可知，人生于世，上承余庆，终究却是要自己做出道路抉择，正是所谓岔枝发：东风携云雨，幼藤吐新芽。急催如颦鼓                    "
a990de14f12148a686d45a047d0181ee,//book.qidian.com/info/1009704712,//bookcover.yuewen.com/qdbimg/349573/1009704712/150,牧神记,宅猪,"['玄幻', '东方玄幻']","                        大墟的祖训说，天黑，别出门。大墟残老村的老弱病残们从江边捡到了一个婴儿，取名秦牧，含辛茹苦将他养大。这一天夜幕降临，黑暗笼罩大墟，秦牧走出了家门……做个春风中荡漾的反派吧！瞎子对他说。秦牧的反派之路，                    "
7ca408c70cf5469a860c1ac00b6bb143,//book.qidian.com/info/1011526746,//bookcover.yuewen.com/qdbimg/349573/1011526746/150,覆汉,榴弹怕水,"['历史', '秦汉三国']","                        努力闻达于诸侯，以求苟全性命于乱世！作为一个遗腹子，公孙珣很早就从自己那个号称穿越者的老娘处获取了人生指导纲领。然而，跟着历史大潮随波逐流了一年又一年，他却发现情况渐渐有些不对了！这是一个半土著的男人                    "
cb120a6819824f7c99c2625ae66a95e4,//book.qidian.com/info/1011251974,//bookcover.yuewen.com/qdbimg/349573/1011251974/150,联盟之魔王系统,神秘的大西瓜,"['游戏', '电子竞技']","                        理科学神陈牧，目标最高学府的好学生，却被系统选中，必须成为英雄联盟的大魔王！群聊号码：438301318vip群：584989166（粉丝值执事以上）                    "
b757df9fb65a4cbd9ab11db1f69a2496,//book.qidian.com/info/1011085659,//bookcover.yuewen.com/qdbimg/349573/1011085659/150,纣临,三天两觉,"['科幻', '未来世界']","                        这只是个，关于一名平庸的、普通人的故事。                    "
c32059e6133b4e2d9155dac5afcb49ee,//book.qidian.com/info/3439785,//bookcover.yuewen.com/qdbimg/349573/3439785/150,修真四万年,卧牛真人,"['科幻', '未来世界']","                        “倘若这宇宙，真是一片残酷血腥的黑暗森林，我们修真者，也会燃烧自己的生命，绽放出微弱的火花！”“哪怕这火花再微弱，再短暂，再渺小，可是只要我们源源不断，前赴后继，终有一日，火花会点燃杂草，杂草会燎到灌                    "
97883818ee0c4b369d7fba5ed95c1622,//book.qidian.com/info/1343635,//bookcover.yuewen.com/qdbimg/349573/1343635/150,官居一品,三戒大师,"['历史', '两宋元明']","                        数风流，论成败，百年一梦多慷慨有心要励精图治挽天倾，哪怕身后骂名滚滚来。轻生死，重兴衰，海雨天风独往来。谁不想万里长城永不倒，也难料恨水东逝归大海。                    "
2c0e6c844fa24cd2baf07456e96a87b4,//book.qidian.com/info/1011497893,//bookcover.yuewen.com/qdbimg/349573/1011497893/150,极拳暴君,夜与雪,"['玄幻', '高武世界']","                        平行时空，全球灾变，秩序崩坏，世界沦为废土，幸存者百不存一，艰难求存。携带着一个残缺不全的主神，陈冲从另一个世界穿越而来了。超电磁炮，响雷果实，磁场转动，钛极金身......这是一个猛男的末世狂飙之旅                    "
487a57af8d724bf8b874c144af106279,//book.qidian.com/info/1013027141,//bookcover.yuewen.com/qdbimg/349573/1013027141/150,我家可能有位大佬,雨下的好大,"['玄幻', '东方玄幻']","                        江左有个貌美的老婆，可是她却经常出差。去干嘛？不是忙着给他带帽子，而是瞒着他降妖除魔去了。得知真相的江左连连叹息，看来自己也坐不住了。为了他美好的夫妻生活，江左只能暗中出手。降妖除魔嘛，维护天地秩序嘛                    "
469131cc6dec401a8155fc48df97f2df,//book.qidian.com/info/3662715,//bookcover.yuewen.com/qdbimg/349573/3662715/150,大魏宫廷,贱宗首席弟子,"['历史', '架空历史']","                        新书《赵氏虎子》求收藏、推荐生作大魏皇子，愿当盛世闲王。志在偎红倚翠犬马声色，胸怀家国百姓社稷安危。若兄贤，若弟明，尔为人王吾偷闲。若尔不能使国强，吾来登基做帝王！————弘润《你不行我上》                    "
af84ce7f5a034d4095395fb6e4300887,//book.qidian.com/info/114559,//bookcover.yuewen.com/qdbimg/349573/114559/150,庆余年,猫腻,"['历史', '架空历史']","                        积善之家，必有余庆，留余庆，留余庆，忽遇恩人；幸娘亲，幸娘亲，积得阴功。劝人生，济困扶穷……而谁可知，人生于世，上承余庆，终究却是要自己做出道路抉择，正是所谓岔枝发：东风携云雨，幼藤吐新芽。急催如颦鼓                    "
4ce28a96181f4e0c84eecb1408dcfba3,//book.qidian.com/info/1009704712,//bookcover.yuewen.com/qdbimg/349573/1009704712/150,牧神记,宅猪,"['玄幻', '东方玄幻']","                        大墟的祖训说，天黑，别出门。大墟残老村的老弱病残们从江边捡到了一个婴儿，取名秦牧，含辛茹苦将他养大。这一天夜幕降临，黑暗笼罩大墟，秦牧走出了家门……做个春风中荡漾的反派吧！瞎子对他说。秦牧的反派之路，                    "
cf63bd96cdff4de3ae42a8eae2b57887,//book.qidian.com/info/1011526746,//bookcover.yuewen.com/qdbimg/349573/1011526746/150,覆汉,榴弹怕水,"['历史', '秦汉三国']","                        努力闻达于诸侯，以求苟全性命于乱世！作为一个遗腹子，公孙珣很早就从自己那个号称穿越者的老娘处获取了人生指导纲领。然而，跟着历史大潮随波逐流了一年又一年，他却发现情况渐渐有些不对了！这是一个半土著的男人                    "
44b10e2f9dc24790a4d4b74c8dc6a92e,//book.qidian.com/info/1011251974,//bookcover.yuewen.com/qdbimg/349573/1011251974/150,联盟之魔王系统,神秘的大西瓜,"['游戏', '电子竞技']","                        理科学神陈牧，目标最高学府的好学生，却被系统选中，必须成为英雄联盟的大魔王！群聊号码：438301318vip群：584989166（粉丝值执事以上）                    "
4624c7beb30b49a78496f85a8d43ae07,//book.qidian.com/info/1011085659,//bookcover.yuewen.com/qdbimg/349573/1011085659/150,纣临,三天两觉,"['科幻', '未来世界']","                        这只是个，关于一名平庸的、普通人的故事。                    "
890290f6615a4b23b3d6d0e0b574f9a6,//book.qidian.com/info/3439785,//bookcover.yuewen.com/qdbimg/349573/3439785/150,修真四万年,卧牛真人,"['科幻', '未来世界']","                        “倘若这宇宙，真是一片残酷血腥的黑暗森林，我们修真者，也会燃烧自己的生命，绽放出微弱的火花！”“哪怕这火花再微弱，再短暂，再渺小，可是只要我们源源不断，前赴后继，终有一日，火花会点燃杂草，杂草会燎到灌                    "
bf95701e4060450999d69ca754675f1b,//book.qidian.com/info/1343635,//bookcover.yuewen.com/qdbimg/349573/1343635/150,官居一品,三戒大师,"['历史', '两宋元明']","                        数风流，论成败，百年一梦多慷慨有心要励精图治挽天倾，哪怕身后骂名滚滚来。轻生死，重兴衰，海雨天风独往来。谁不想万里长城永不倒，也难料恨水东逝归大海。                    "
70f1c672e5d44060ba0c24b46a014094,//book.qidian.com/info/1011497893,//bookcover.yuewen.com/qdbimg/349573/1011497893/150,极拳暴君,夜与雪,"['玄幻', '高武世界']","                        平行时空，全球灾变，秩序崩坏，世界沦为废土，幸存者百不存一，艰难求存。携带着一个残缺不全的主神，陈冲从另一个世界穿越而来了。超电磁炮，响雷果实，磁场转动，钛极金身......这是一个猛男的末世狂飙之旅                    "
fc01d01cc09b40f0908fe9a0df55c1a1,//book.qidian.com/info/1013027141,//bookcover.yuewen.com/qdbimg/349573/1013027141/150,我家可能有位大佬,雨下的好大,"['玄幻', '东方玄幻']","                        江左有个貌美的老婆，可是她却经常出差。去干嘛？不是忙着给他带帽子，而是瞒着他降妖除魔去了。得知真相的江左连连叹息，看来自己也坐不住了。为了他美好的夫妻生活，江左只能暗中出手。降妖除魔嘛，维护天地秩序嘛                    "
e6e6de872b2842b9b99bc5d6bd017ce1,//book.qidian.com/info/3662715,//bookcover.yuewen.com/qdbimg/349573/3662715/150,大魏宫廷,贱宗首席弟子,"['历史', '架空历史']","                        新书《赵氏虎子》求收藏、推荐生作大魏皇子，愿当盛世闲王。志在偎红倚翠犬马声色，胸怀家国百姓社稷安危。若兄贤，若弟明，尔为人王吾偷闲。若尔不能使国强，吾来登基做帝王！————弘润《你不行我上》                    "
c74fb9b9a634467d80baf6dcb72f3b41,//book.qidian.com/info/1013861765,//bookcover.yuewen.com/qdbimg/349573/1013861765/150,召唤梦魇,滚开,"['玄幻', '异世大陆']","                        这是一个普通人能从噩梦中获得力量，所发生的故事……林盛突然有一天，发现自己平凡普通的日常里，多出了一点异样。一个不断重复的噩梦，让他开始了一段无法形容的诡异旅程。一个庞大的梦魇，一个迷幻的秘密。~~新                    "
d82ec6be090d4541a630eaccdebbc610,//book.qidian.com/info/1004890081,//bookcover.yuewen.com/qdbimg/349573/1004890081/150,神级大魔头,拉姆,"['玄幻', '东方玄幻']","                        “无耻夏平，抢我秘籍，夺我丹药，夺我未婚妻，我和你不共戴天。”“他是武道之耻，人类蛀虫，是人渣败类。”“无恶不作，连三岁小儿的棒棒糖也抢，老人过马路都不扶。”“四处惹是生非，各大家族的天才都被他殴打过                    "
ba4c28584bca4cd6b05e507cc6b30bca,//book.qidian.com/info/107580,//bookcover.yuewen.com/qdbimg/349573/107580/150,凡人修仙传,忘语,"['仙侠', '幻想修仙']","                        一个普通山村小子，偶然下进入到当地江湖小门派，成了一名记名弟子。他以这样身份，如何在门派中立足,如何以平庸的资质进入到修仙者的行列，从而笑傲三界之中！续篇《凡人修仙之仙界篇》已经在起点中文网上传了，欢                    "
9550d3da36834a7a9f500790211babb1,//book.qidian.com/info/1013531433,//bookcover.yuewen.com/qdbimg/349573/1013531433/150,功法修改器,不死悟空,"['玄幻', '异世大陆']","                        石焱携功法修改器重生入九域玄幻世界，人族挣扎求生。九域世界以游戏形式发售、面世。当有一日，两界融合，妖魔肆虐而来。石焱内测进入九域世界，这一日，游戏尚未发售，玩家尚未进入，妖魔尚未影响……书友Q群：3                    "
ab428ac922294af8839bf6445c936d93,//book.qidian.com/info/1010968945,//bookcover.yuewen.com/qdbimg/349573/1010968945/150,拜见教主大人,封七月,"['武侠', '武侠幻想']","                        意外身亡，楚休发现自己竟然穿越到了游戏世界《大江湖》当中，成为了游戏中还没成长起来的，第三版的最大BOSS，昆仑教主！《大江湖》当中融汇无数武侠背景，有东岛之王天子望气，谈笑杀人。有丐帮之主掌出降龙，                    "
cf13b8d8f4684f04b33226edab67a37e,//book.qidian.com/info/1735921,//bookcover.yuewen.com/qdbimg/349573/1735921/150,遮天,辰东,"['仙侠', '修真文明']","                        冰冷与黑暗并存的宇宙深处，九具庞大的龙尸拉着一口青铜古棺，亘古长存。这是太空探测器在枯寂的宇宙中捕捉到的一幅极其震撼的画面。九龙拉棺，究竟是回到了上古，还是来到了星空的彼岸？一个浩大的仙侠世界，光怪陆                    "
94b7c73bc67842119479bc13539101b4,//book.qidian.com/info/1005399587,//bookcover.yuewen.com/qdbimg/349573/1005399587/150,宠物天王,皆破,"['都市', '都市生活', '轻小说']","                        【1.下载一款可疑的游戏】【2.捕捉几只神奇的宠物当伙伴】【3.在轻松有趣的日常里，带领宠物店走上崛起之路】###实体书1-3册已出版，各大电商有售###读者群：513717593（无粉丝值要求）VI                    "
3ce9322429cd4b4b95a118cf2a452c89,//book.qidian.com/info/1887208,//bookcover.yuewen.com/qdbimg/349573/1887208/150,全职高手,蝴蝶蓝,"['游戏', '虚拟网游']","                        网游荣耀中被誉为教科书级别的顶尖高手，因为种种原因遭到俱乐部的驱逐，离开职业圈的他寄身于一家网吧成了一个小小的网管，但是，拥有十年游戏经验的他，在荣耀新开的第十区重新投入了游戏，带着对往昔的回忆，和一                    "
ed5b0089b9b042c39455f9125723b1bd,//book.qidian.com/info/1011335417,//bookcover.yuewen.com/qdbimg/349573/1011335417/150,深夜书屋,纯洁滴小龙,"['悬疑', '诡秘悬疑', '轻小说']","                        一家只在深夜开门营业的书屋，欢迎您的光临。——————【该作品简体版已出版，出版社天津人民出版社】——《vip全订书友群》：557560752（进群粉丝值验证）《读书群》：523978007（无需验证                    "
f76c8b29bfcb4c4bbc460b98d81c0031,//book.qidian.com/info/1639199,//bookcover.yuewen.com/qdbimg/349573/1639199/150,吞噬星空,我吃西红柿,"['科幻', '未来世界']","                        继《九鼎记》《盘龙》《星辰变》《寸芒》《星峰传说》后，番茄的第六本书！——————简介：星空中。“这颗星球，通体土黄色，没有任何生命存在，直径21000公里，咦，竟然蕴含‘星泪金’矿脉，真是天助我也，                    "
47a55cb4cd5846c1bb975c1a4fa3aed6,//book.qidian.com/info/1115277,//bookcover.yuewen.com/qdbimg/349573/1115277/150,斗罗大陆,唐家三少,"['玄幻', '异世大陆']","                        唐门外门弟子唐三，因偷学内门绝学为唐门所不容，跳崖明志时却发现没有死，反而以另外一个身份来到了另一个世界，一个属于武魂的世界，名叫斗罗大陆。这里没有魔法，没有斗气，没有武术，却有神奇的武魂。这里的每个                    "
bb6e24d204434f9dbc8db404863f0ecf,//book.qidian.com/info/2952453,//bookcover.yuewen.com/qdbimg/349573/2952453/150,完美世界,辰东,"['玄幻', '东方玄幻']","                        一粒尘可填海，一根草斩尽日月星辰，弹指间天翻地覆。群雄并起，万族林立，诸圣争霸，乱天动地。问苍茫大地，谁主沉浮？！一个少年从大荒中走出，一切从这里开始……                    "
1c83ab78646c46409de85c3fb82327c5,//book.qidian.com/info/1011025383,//bookcover.yuewen.com/qdbimg/349573/1011025383/150,帝国吃相,牧尘客,"['历史', '秦汉三国']","                        陈旭一场车祸穿越到秦朝，而此时秦始皇刚刚统一六国失去了人生的奋斗目标。在考虑抱项羽大腿还是抱刘邦的大腿之中纠结迷茫很久之后，他给秦始皇敬献了一个地球仪。有一天他忍不住指着地球仪说：“陛下，东胜神洲还有                    "
aa290c205ba542f18f47d7d11ed3c82b,//book.qidian.com/info/1011097497,//bookcover.yuewen.com/qdbimg/349573/1011097497/150,秦吏,七月新番,"['历史', '上古先秦']","                        （新书《汉阙》，求收藏）战国之末，华夏千年未有之大变局。有人天生世卿。有人贵为公子。他却重生成秦国小卒黑夫，云梦秦简中的小人物。为免死于沟壑，为掌握自己命运，他奋力向上攀爬。好在，他赶上了一个大时代。                    "
a640458f5bc14207ab62162ee5f89a67,//book.qidian.com/info/2502372,//bookcover.yuewen.com/qdbimg/349573/2502372/150,莽荒纪,我吃西红柿,"['仙侠', '修真文明']","                        纪宁死后来到阴曹地府，经判官审前生判来世，投胎到了部族纪氏。这里，有夸父逐日……有后羿射金乌……更有为了逍遥长生，历三灾九劫，纵死无悔的无数修仙者…………纪宁也成为了一名修仙者，开始了他的修仙之路……                    "
447b091ca50c4bb999c958f08ebaf610,//book.qidian.com/info/1017141,//bookcover.yuewen.com/qdbimg/349573/1017141/150,盘龙,我吃西红柿,"['奇幻', '剑与魔法']","                        大小的血睛鬃毛狮，力大无穷的紫睛金毛猿，毁天灭地的九头蛇皇，携带着毁灭雷电的恐怖雷龙……这里无奇不有，这是一个广博的魔幻世界。强者可以站在黑色巨龙的头顶遨游天际，恐怖的魔法可以焚烧江河，可以毁灭城池，                    "
7ee5be6bd0824d2699c4b88369431017,//book.qidian.com/info/2597043,//bookcover.yuewen.com/qdbimg/349573/2597043/150,惊悚乐园,三天两觉,"['游戏', '虚拟网游', '轻小说']","                        这是超越维度的游戏。亦是追寻真理的竞逐。未知的封印，鬼神的赌局……数据的抗争，人类的救赎……在那个连接着现实的虚拟世界——意识决定我们，意识选择我们，意识决定了我们的意识。现在，丢掉你的恐惧。丢掉你的                    "
eeafa6648fba4c74a5b4c5849b91f2db,//book.qidian.com/info/1264634,//bookcover.yuewen.com/qdbimg/349573/1264634/150,仙逆,耳根,"['仙侠', '幻想修仙']","                        顺为凡，逆则仙，只在心中一念间……请看耳根作品《仙逆》                    "
b08ed33d00784364939819cdb751959a,//book.qidian.com/info/3249362,//bookcover.yuewen.com/qdbimg/349573/3249362/150,一世之尊,爱潜水的乌贼,"['玄幻', '东方玄幻']","                        我这一生，不问前尘，不求来世，只轰轰烈烈，快意恩仇，败尽各族英杰，傲笑六道神魔！万年之后，大劫再启，如来金身，元始道体，孰强孰弱，如来神掌，截天七式，谁领风骚？轮回之中，孟奇自少林寺开始了自己“纵横一                    "
8b53d671889747e0829a48d92f100240,//book.qidian.com/info/2750457,//bookcover.yuewen.com/qdbimg/349573/2750457/150,大主宰,天蚕土豆,"['玄幻', '异世大陆']","                        大千世界，位面交汇，万族林立，群雄荟萃，一位位来自下位面的天之至尊，在这无尽世界，演绎着令人向往的传奇，追求着那主宰之路。无尽火域，炎帝执掌，万火焚苍穹。武境之内，武祖之威，震慑乾坤。西天之殿，百战之                    "
0f2bdb12acfe4244811bfa284c20cce9,//book.qidian.com/info/1010191960,//bookcover.yuewen.com/qdbimg/349573/1010191960/150,大王饶命,会说话的肘子,"['都市', '都市生活', '轻小说']","                        高中生吕树在一场车祸中改变人生，当灵气复苏时代来袭，他要做这时代的领跑者。物竞天择，胜者为王。……全订验证群号：696087569                    "
344a63ad0ebb477283fd65752e2f588a,//book.qidian.com/info/3242304,//bookcover.yuewen.com/qdbimg/349573/3242304/150,异常生物见闻录,远瞳,"['科幻', '时空穿梭', '轻小说']","                        郝仁，人如其名，是个好人，理想是平平安安过一辈子，当个穷不死但也发不了财的小房东——起码在他家里住进去一堆神经病生物之前是这样。一栋偏僻陈旧的大屋，一堆不怎么正常的人外生物，还有一份来自“神明”的劳动                    "
dfeb60889f34402c9ce4b087f30118f0,//book.qidian.com/info/1005061389,//bookcover.yuewen.com/qdbimg/349573/1005061389/150,如意小郎君,荣小荣,"['历史', '架空历史']","                        21世纪双料硕士，魂穿古代。没有戒指，没有系统，没有白胡子老爷爷，连关于这个世界的记忆都没有……贼老天，开局什么都没有，连自己是谁都不知道，这让我怎么玩？腹中饥饿难耐，心里郁闷透顶，唐宁忍不住抬头竖起                    "
ac00146865104c83a8e06e5c0d235de5,//book.qidian.com/info/2083259,//bookcover.yuewen.com/qdbimg/349573/2083259/150,将夜,猫腻,"['玄幻', '东方玄幻']","                        与天斗，其乐无穷。……                    "
156951b541044cf6aff4f776f15408bc,//book.qidian.com/info/2048120,//bookcover.yuewen.com/qdbimg/349573/2048120/150,武动乾坤,天蚕土豆,"['玄幻', '东方玄幻']","                        修炼一途，乃窃阴阳，夺造化，转涅盘，握生死，掌轮回。武之极，破苍穹，动乾坤！                    "
0ac7f26c018c46d0b514c83e30fe2160,//book.qidian.com/info/1005236478,//bookcover.yuewen.com/qdbimg/349573/1005236478/150,道君,跃千愁,"['仙侠', '幻想修仙']","                        一个地球神级盗墓宗师，闯入修真界的故事……桃花源里，有歌声。山外青山，白骨山。五花马，千金裘，倚天剑。应我多情，啾啾鬼鸣，美人薄嗔。天地无垠，谁家旗鼓，碧落黄泉，万古高楼。为义气争雄！为乱世争霸！你好                    "
1193f243584149f2813ad4c007bceaeb,//book.qidian.com/info/1223147,//bookcover.yuewen.com/qdbimg/349573/1223147/150,间客,猫腻,"['玄幻', '东方玄幻']","                        世界上有两件东西能够深深地震撼人们的心灵，一件是我们心中崇高的道德准则，另一件是我们头顶上灿烂的星空——康德当许乐从这行字上收回目光，第一次真正看到尘埃后方那繁若芝麻的群星时，并没有被震撼，相反他怒了                    "
2a7c77f8f7614dabadc8a50eb904d8e2,//book.qidian.com/info/2643379,//bookcover.yuewen.com/qdbimg/349573/2643379/150,奥术神座,爱潜水的乌贼,"['玄幻', '异世大陆', '轻小说']","                        “知识就等于力量。”“所谓神，不过是强大一点的奥术师。”带着一大堆知识的夏风穿越而来了。                    "
8d40b93b03974bdf817728ff11a88df6,//book.qidian.com/info/2413595,//bookcover.yuewen.com/qdbimg/349573/2413595/150,唐砖,孑与2,"['历史', '两晋隋唐']","                        梦回长安，鲜血浸染了玄武门，太极宫的深处只有数不尽的悲哀，民为水，君为舟，的朗朗之音犹在长安大地回绕，异族的铁蹄却再一次踏破了玉门关，此恨何及？坟墓里的李世民眼见子民涂炭，该发出怎样的怒号？栏杆拍遍，                    "
6c049e6efda7430ba4e7f961416df190,//book.qidian.com/info/1623837,//bookcover.yuewen.com/qdbimg/349573/1623837/150,黄金瞳,打眼,"['都市', '都市生活']","                        电视剧《黄金瞳》由张艺兴领衔主演，于2019年2月26日震撼开播！典当行工作的小职员庄睿，在一次意外中眼睛发生异变。美轮美奂的陶瓷，古拙大方的青铜器，惊心动魄的赌石接踵而来，他的生活也随之产生了天翻地                    "
3632d9cdf1434ebca5c8a75591f06b54,//book.qidian.com/info/3660695,//bookcover.yuewen.com/qdbimg/349573/3660695/150,神藏,打眼,"['都市', '都市生活']","                        一念之间，沧海桑田打眼带你进入古玩的世界！！！                    "
8f469da646114514a0a076c1647eecf0,//book.qidian.com/info/2470949,//bookcover.yuewen.com/qdbimg/349573/2470949/150,武极天下,蚕茧里的牛,"['玄幻', '东方玄幻']","                        一个梦想进入武府圣地的普通少年，立志追求极致武学。然而面对竞争激烈的考核，又有世家子弟的借势压人，小小平凡少年如何立足？宗门传承严格保密，核心功法概不外传，在功法传承如此难得天衍大陆，即便进了武府和宗                    "
e4dbcb43e03946848ad0ccc12d566c29,//book.qidian.com/info/3056070,//bookcover.yuewen.com/qdbimg/349573/3056070/150,佣兵的战争,如水意,"['军事', '战争幻想']","                        高扬是一个军迷，一个很普通的军迷，爱刀，爱枪，爱冒险。一次意外，高扬跑去了非洲，结果不幸遇到了空难，侥幸活命，却从此只能在枪口下混饭吃了，因为他成了一个雇佣兵。一个军迷，能在国际佣兵界达到什么样的高度                    "
21fb077b704c44028d722f0ec20173f2,//book.qidian.com/info/2248950,//bookcover.yuewen.com/qdbimg/349573/2248950/150,最强弃少,鹅是老五,"['仙侠', '现代修真']","                        叶默蓦然清醒过来的时候，才发现周围的一切似乎都变了，美女师父也不见了。他也发现了自己成了被世家抛弃的弃子，被别人退婚的苦逼,还是被女人站在讲台上拿着他情书羞辱的对象......但是这些都不重要，最重要                    "
5f900374167f489992de4cd229892e04,//book.qidian.com/info/1003121988,//bookcover.yuewen.com/qdbimg/349573/1003121988/150,不灭龙帝,妖夜,"['玄幻', '异世大陆']","                        身怀绝世血脉，少年自北漠拉棺而来，他要将世上神魔全部埋葬。                    "
8cae46c235cb4bd6ae0268d6423c9533,//book.qidian.com/info/2226569,//bookcover.yuewen.com/qdbimg/349573/2226569/150,大道争锋,误道者,"['仙侠', '幻想修仙']","                        新书《玄浑道章》已发布！…………不堕轮回入大千，心传一道在人间。愿起一剑杀万劫，无情换作有情天!…………大道争锋全订阅VIP群：【235032815】（新群）粉丝自建订阅群：布须玄天·昆始陆（5262                    "
b989a8fbb3f145ca90e0b9d38738d9c8,//book.qidian.com/info/2227457,//bookcover.yuewen.com/qdbimg/349573/2227457/150,飞天,跃千愁,"['仙侠', '幻想修仙']","                        苍穹之下世态炎凉，妖魔鬼怪不敌人情冷暖！纤纤柔荑，美人如玉，怎奈天地之间剑气如虹！浩瀚星空，七情六欲，贪念嗔痴，佛谛如来，任你法力无边！芸芸众生，一腔诚愿却换来血海滔滔！鬼哭神嚎，血海无涯，敢问路在何                    "
b6d2c9abf04b4b1c8b8f7436fc110fbb,//book.qidian.com/info/3458639,//bookcover.yuewen.com/qdbimg/349573/3458639/150,人道至尊,宅猪,"['玄幻', '东方玄幻']","                        自盘古开天，三皇治世，五帝定伦，世界之间，人为天地灵长……此时正值三皇中的人皇末期，五帝未定，人族也不是天地灵长。这里是莽苍荒蛮的时代，妖神、邪神、天神，诸神林立，妖魔、邪魔、天魔，群魔乱舞；万族并存                    "
8ac7e17f21154943aab2cc452c795adc,//book.qidian.com/info/3347952,//bookcover.yuewen.com/qdbimg/349573/3347952/150,俗人回档,庚不让,"['都市', '都市生活']","                        33岁的报社审读编辑边学道一梦回到高考前48天的高中课堂里，本来想囤房子一心当寓公的中年大叔依靠长年读报纸的信息积累，取得耀眼的成就。事业成功后，边学道成立助学基金，支持年轻人创业，鼓励科技创新，弘扬                    "
4f8954584cc640b780a7259d406447ff,//book.qidian.com/info/1004185492,//bookcover.yuewen.com/qdbimg/349573/1004185492/150,带着仓库到大明,迪巴拉爵士,"['历史', '两宋元明']","                        新书《北宋大丈夫》已经发布。……方醒穿了，带着两个仓库穿了！别人穿越是带着王霸之气，方醒却是只想种田！“我只想在这个时代悠闲的活着！”坐拥大别墅，顺便教几个弟子，努力让他们往上爬，好给自己当靠山！可谁                    "
e7049298f5d7404e8e095dd11fe4c6a0,//book.qidian.com/info/2182740,//bookcover.yuewen.com/qdbimg/349573/2182740/150,灭运图录,爱潜水的乌贼,"['仙侠', '幻想修仙']","                        修真，去假存真，照见本性。能达到这点的，则被称为“真人”，他们成就元神，超脱生死。灭运图录，灭运道种？一个偶得上古仙法的穿越客在这诸天万界、亿兆大千世界的修炼故事。群号：一群:二一三九三三零四八(已满                    "
8dbe3dc5d96a45968b9cd6742a42c50e,//book.qidian.com/info/3686542,//bookcover.yuewen.com/qdbimg/349573/3686542/150,恶魔囚笼,颓废龙,"['游戏', '虚拟网游']","                        一款不受任何保护的地下游戏，一群追逐权利、财富、生命的玩家！命不久矣的秦然，选择进入其中——为了活下去的机会！企鹅群（VIP全订：547350184；普通：392362642）请关注：吃货龙有食物~有                    "
5e58df8c2c6540378d90950f7a7789d3,//book.qidian.com/info/1004142144,//bookcover.yuewen.com/qdbimg/349573/1004142144/150,武道宗师,爱潜水的乌贼,"['玄幻', '异世大陆']","                        在这里，武道不再是虚无缥缈的传说，而是切切实实的传承，经过与科技的对抗后，彻底融入了社会，有了各种各样的武道比赛，文无第一，武无第二！楼成得到武道一大流派断绝的传承后，向着最初的梦想，向着心里的荣耀，                    "
96938d5d5c674e85aff724e6a5e1b8f3,//book.qidian.com/info/1003541158,//bookcover.yuewen.com/qdbimg/349573/1003541158/150,我的1979,争斤论两花花帽,"['都市', '都市生活']","                        一觉醒来，回到那个年代，再次面对过往，你猜不透的结局..........                    "
43ffd0519e65400286ce596cd8194649,//book.qidian.com/info/3441641,//bookcover.yuewen.com/qdbimg/349573/3441641/150,掠天记,黑山老鬼,"['仙侠', '幻想修仙']","                        有人说他是修行界里的一粒老鼠屎，坏了礼义廉耻，乱了道门秩序！有人说他是南瞻部州最大的败类，勾结魔道，坑蒙拐骗，无恶不作！对于所有污蔑，方行说：“没错，我就是那粒传说中的老鼠屎，有问题吗？”【掠天记总群                    "
2a6c34cdb1344e2db57738a69bd56a74,//book.qidian.com/info/3347574,//bookcover.yuewen.com/qdbimg/349573/3347574/150,从前有座灵剑山,国王陛下,"['仙侠', '幻想修仙', '轻小说']","                        灵剑派成立于九州历四二三三年，几千年来始终致力于为行业提供一流的修仙人才，如今位列万仙盟五大超品宗派之一，掌门风吟真人担任万仙盟七大常务长老，修为盖世。灵剑派坚持和平与发展的主题，门派核心价值理念是求                    "
9955a21c54cc49b788a620576ef49040,//book.qidian.com/info/1630599,//bookcover.yuewen.com/qdbimg/349573/1630599/150,明末边军一小兵,老白牛,"['历史', '两宋元明']","                        崇祯七年三月，山西陕西大旱，赤地千里，民大饥。四月，李自成入河南，与张献忠合兵攻取澄城。七月，后金军进围宣府，兵掠大同，沿边城堡多失守。大明内忧外患，风雨飘摇！这年的七月，王斗意外来到大明，成为宣府镇                    "
1d30b95fca64427392025f1cc2c0c2a8,//book.qidian.com/info/3427715,//bookcover.yuewen.com/qdbimg/349573/3427715/150,贞观大闲人,贼眉鼠眼,"['历史', '两晋隋唐']","                        大唐贞观，天下靖平，山河壮丽，独钟李氏。李靖北击突厥，太宗东征高丽，兵锋之盛，威服四海。待从头，重整旧山河。功臣画像前，李渊拨弹琵琶独怅然，凌烟楼阁上，李世民大醉翩翩舞春风。中国历史上最壮丽，最磅礴，                    "
2e4481bae7764fdd97eabae62c070997,//book.qidian.com/info/1003307568,//bookcover.yuewen.com/qdbimg/349573/1003307568/150,不朽凡人,鹅是老五,"['仙侠', '幻想修仙']","                        在这里，拥有灵根才能修仙，所有凡根注定只是凡人。莫无忌，只有凡根，一介凡人！                    "
fff7d8f8c36f4e9e98d66459b4dfb5e4,//book.qidian.com/info/1009398284,//bookcover.yuewen.com/qdbimg/349573/1009398284/150,逆流纯真年代,人间武库,"['都市', '都市生活']","                        时光是一艘航船，有人喜欢把90年代初的那几年，视为曾经那个纯真年代的最后一程。岁月更迭中早已不再单纯的江澈，逆流归来，重启1992,书写一场终于可以被妥善安放的璀璨青春。【欢迎加入逆流纯真年代VIP二                    "
6fd779d126a8473d8c4c15cef93a75c5,//book.qidian.com/info/1012352630,//bookcover.yuewen.com/qdbimg/349573/1012352630/150,我的女友是恶女,海底漫步者,"['都市', '都市生活', '轻小说']","                        不幸意外身亡的北秀之魂穿到了一位日本高中生身上，被迫开始了在日本的留学之旅，于是他经过仔细思考，决定为这次的人生搏个高起点。玩？不玩，学习！恋爱？不恋爱，学习！目标上名校，谁也别拦着！————————                    "
23f7b6e5f3ca48c4aab9d75822209920,//book.qidian.com/info/1011452759,//bookcover.yuewen.com/qdbimg/349573/1011452759/150,小世界其乐无穷,听日,"['科幻', '超级科技', '轻小说']","                        超凡者打破了世界的寂静，科技树从此拐弯。当人类在黑暗中寻找进化的道路，我拆下肋骨，燃烧心脏，熬夜爆肝，成为他们的先驱。这是一个玩家玩弄世界的游戏历程。小世界，其乐无穷。                    "
68c2d9826f644876bb3e7ec3c8b3756c,//book.qidian.com/info/1004175804,//bookcover.yuewen.com/qdbimg/349573/1004175804/150,逍遥小书生,荣小荣,"['历史', '架空历史']","                        21世纪工科男，穿越古代成为一名穷书生。大脑里面居然装着一个图书馆，各种知识应有尽有！这辈子不说封侯拜相，怎么也得当个大官玩玩吧？迎着初升的朝阳，李易发下宏愿，勇敢的迈出了在这个世界的第一步。“站住！                    "
3eb225c7890c48a39a35e8b1d76a133b,//book.qidian.com/info/1003123274,//bookcover.yuewen.com/qdbimg/349573/1003123274/150,最强boss系统,封七月,"['武侠', '武侠幻想']","                        什么是反派？是拳倾天下，纵横一世，还是万人皆敌，搅动风云？重生一世，大反派统加身，苏信可以获得前世武侠世界当中所有的反派人物功法和武技。“做人要讲信用。说杀你全家，就杀你全家。我叫苏信，我言而有信。”                    "
a41f8a2eda604951a665b4eeb1486249,//book.qidian.com/info/1011623919,//bookcover.yuewen.com/qdbimg/349573/1011623919/150,为死者代言,雪儿格格,"['悬疑', '侦探推理']","                        法医周海，带你剖开悬念丛生的凶杀现场，探寻真假难辨的诡异案件，还原善恶纷杂的真实人性。阴谋！追踪！疑惑！一个个离奇的案件不断上演。你准备好了吗？......新书《大良医》已发，喜欢的朋友可以去看看！急                    "
5571845728304d50b55771aee5f9695a,//book.qidian.com/info/1010583945,//bookcover.yuewen.com/qdbimg/349573/1010583945/150,巨星来了,念笯娇,"['都市', '娱乐明星']","                        今天媳妇让我看《大魔王又出手了》，我说不好看，当时她就跟我吵了起来。后来我就想：我一个大男人，为什么要和一个女人计较，更何况还是自己的媳妇！我当时就道歉了，表示会继续看《大魔王又出手了》。道完歉，媳妇                    "
6e7312c8c62c4bad86a030818bf1a825,//book.qidian.com/info/1743644,//bookcover.yuewen.com/qdbimg/349573/1743644/150,唯我独尊,小刀锋利,"['玄幻', '异世大陆']","                        天元大陆，强者如林，绝世隐匿！前世的秦立是个现代社会的武学高手，末武时代，法制完善，处处受限，更奈何基础不牢，止步于武极巅峰！尔后，他穿越了。。。穿越众最大的幸事，不是身份家世，不是财富美人，而是拥有                    "
9a1ca945c4b645a5864882eda024d55b,//book.qidian.com/info/1414604,//bookcover.yuewen.com/qdbimg/349573/1414604/150,傲剑凌云,小刀锋利,"['玄幻', '异世大陆']","                        这是个以剑为主的世界。凌逍本为蜀山内门弟子，在观摩师门前辈渡劫的时候被天劫带到异界，重生于将门子弟身上。掌握着无数这个世界奉为神级的剑技，还有这个世界中人无法理解的神奇医术，本身却是天脉者这样的武道废                    "
62748676748c4d3a8f7fc77b3cb5d71c,//book.qidian.com/info/2104762,//bookcover.yuewen.com/qdbimg/349573/2104762/150,战神变,小刀锋利,"['玄幻', '东方玄幻']","                        好强的少年滕飞，在河边捡到了一个不食人间烟火，像仙女一样的白衣女子，这个女子给他带来了强大的源泉，开启了强者之路的大门。师父可以跟徒弟结婚吗？滕飞在努力，为了师父，为了自己！                    "
eb1290020133459eac14409c5a9eb913,//book.qidian.com/info/1015782565,//bookcover.yuewen.com/qdbimg/349573/1015782565/150,情满沂蒙,老妖妖妖妖,"['现实', '现实百态']","                        一对奋战在不同岗位的年轻人，从陌生到相识，从相知到相爱，一起见证了沂蒙老区改革开放三十多年的变迁，见证了沂蒙人艰苦奋斗勇于进取的沂蒙精神，同时也热情的讴歌了数万铁路人为改变沂蒙老区做出的伟大贡献。                    "
ab0672558a1e4831b5e0b7bd6d782efb,//book.qidian.com/info/1013431895,//bookcover.yuewen.com/qdbimg/349573/1013431895/150,画龙点睛系统,憨老牛,"['游戏', '游戏异界', '轻小说']","                        推书：《我在火影开直播》穿越异界，觉醒职业者，进入妖魔塔无限打怪升级爆装备。秦天羽激活画龙点睛系统，召唤神秘龙类。迅猛龙，霸王龙，地行龙，双足飞龙，骨龙、超神巨龙....做城主、灭魔兽、探宝塔、成就第                    "
ffb679e8ab694ba3b9fb319c425355bb,//book.qidian.com/info/1015808369,//bookcover.yuewen.com/qdbimg/349573/1015808369/150,重返洛杉矶,陶良辰,"['都市', '都市生活']","                        美国加州理工高材生，被命运一脚踹回七十年代的洛杉矶。硅谷、华尔街、好莱坞，哪里有钱赚，哪里就有他的影子......-------群号：618863420                    "
abd190dbf9954228a35cf6dacd8d737f,//book.qidian.com/info/1015513542,//bookcover.yuewen.com/qdbimg/349573/1015513542/150,我的日本文艺生活,黑色的单车,"['都市', '都市生活']","                        佛系青年的东洋文艺日常。群：218154038                    "
01decf72d5a0403db6c0bb49a793adce,//book.qidian.com/info/1014235860,//bookcover.yuewen.com/qdbimg/349573/1014235860/150,我不想五五开,小木不是小暮,"['游戏', '电子竞技']","                        【2019最爽LOL文】陆凯，曾经的S赛亚军，国服第一小鱼人，和大魔王虚空五五开的男人。S4赛季，他退役直播，花费五年时间成为斗鱼一哥。S8赛季，他膨胀过头，一着不慎，全网GG。陆凯本以为一切繁荣只是                    "
c6cef5975d61472ea13b7ae69fdf8963,//book.qidian.com/info/1012340689,//bookcover.yuewen.com/qdbimg/349573/1012340689/150,西游之大娱乐家,清风小道童,"['仙侠', '神话修真']","                        大唐长安。“报！”“什么事？”“大人，房公子杜公子又和程家三位公子开战了！”“唉！这次是因为什么事？”“听说，听说是因为陆雪琪和碧瑶谁应该是女主的问题！”天庭。“报！”“何事？”“陛下！女娲娘娘把蜀山                    "
beb00b2867dd4f929c07b3379faaf88b,//book.qidian.com/info/1016378345,//bookcover.yuewen.com/qdbimg/349573/1016378345/150,水果大佬,二蛇,"['都市', '都市生活']","                        狗血这方面，狗血是不可能狗血的，这辈子都不可能狗血的。装逼又不会装，就只有靠水果app赚钱，才能找得到女朋友这样子。上大学感觉像进了天堂一样，比上高中的感觉好多了！里面个个都是美女，说话又好听，我超喜                    "
c6d49b5380034f368b4d9908a4135e16,//book.qidian.com/info/1011483714,//bookcover.yuewen.com/qdbimg/349573/1011483714/150,怪物聊天群,泛舟填词,"['游戏', '虚拟网游']","                        新书《我快亏成麻瓜了》，讲巫师大人穿越到娱乐圈，为了回家拼命亏钱的故事宠物视角进游戏，游戏怪物在聊天！掉落、攻略、隐藏任务，统统都能从这些聊天中获取信息。这是一群怪物的逗比聊天日常，这是一段猎人和宠物                    "
038dce755e874aacacd14fdfb238aa3f,//book.qidian.com/info/1014196854,//bookcover.yuewen.com/qdbimg/349573/1014196854/150,忍界修正带,李四羊,"['轻小说', '衍生同人']","                        “穿越火影的前辈们，有的穿越战国，叱咤风云。有的穿越一二三战，叱咤战场。有的穿越和平年代，叱咤忍校。”“我不一样，我的穿越就是场悲剧。”“我穿越的那天吧，风沙很大。血月当空照，斑爷对我笑，我懵逼，眼泪                    "
811bd39fb32a42a1b0724e6a29a3cdab,//book.qidian.com/info/1013822852,//bookcover.yuewen.com/qdbimg/349573/1013822852/150,大唐第一狠人,山下出水,"['历史', '两晋隋唐']","                        民间故老相传，将不过李，王不过霸，但是在大唐最无敌的却是李元霸。那么，穿越成李元霸的遗腹子，将会是怎样一种精彩的人生？惹事，他从来不怕。拼爹，谁拼得过他？……另有老书《大唐风华路》，也是大唐种田流，有                    "
2f315bcbdf294f6f97dd814becb62a07,//book.qidian.com/info/1014908159,//bookcover.yuewen.com/qdbimg/349573/1014908159/150,二次元缔造者,无火的余灰,"['轻小说', '青春日常']","                        “你能再表演一下那个吗？”“我徐睿就是死，从这里跳下去，也不会做动画！——做动画真开心！”......本书包含大量打黑枪，虚伪的业界真实，毫无根据的幕后故事，人类本质与真香警告，你就当真的听。                    "
ee016f01e2b54ee287ccb845c501a14a,//book.qidian.com/info/114559,//bookcover.yuewen.com/qdbimg/349573/114559/150,庆余年,猫腻,"['历史', '架空历史']","                        积善之家，必有余庆，留余庆，留余庆，忽遇恩人；幸娘亲，幸娘亲，积得阴功。劝人生，济困扶穷……而谁可知，人生于世，上承余庆，终究却是要自己做出道路抉择，正是所谓岔枝发：东风携云雨，幼藤吐新芽。急催如颦鼓                    "
a408fdb914c74ec4af5c380a0954adf1,//book.qidian.com/info/1009704712,//bookcover.yuewen.com/qdbimg/349573/1009704712/150,牧神记,宅猪,"['玄幻', '东方玄幻']","                        大墟的祖训说，天黑，别出门。大墟残老村的老弱病残们从江边捡到了一个婴儿，取名秦牧，含辛茹苦将他养大。这一天夜幕降临，黑暗笼罩大墟，秦牧走出了家门……做个春风中荡漾的反派吧！瞎子对他说。秦牧的反派之路，                    "
313eabfe27c248bcbfb179b4d101cc0b,//book.qidian.com/info/1011526746,//bookcover.yuewen.com/qdbimg/349573/1011526746/150,覆汉,榴弹怕水,"['历史', '秦汉三国']","                        努力闻达于诸侯，以求苟全性命于乱世！作为一个遗腹子，公孙珣很早就从自己那个号称穿越者的老娘处获取了人生指导纲领。然而，跟着历史大潮随波逐流了一年又一年，他却发现情况渐渐有些不对了！这是一个半土著的男人                    "
0282aaf23aef4545add092085f801256,//book.qidian.com/info/1011251974,//bookcover.yuewen.com/qdbimg/349573/1011251974/150,联盟之魔王系统,神秘的大西瓜,"['游戏', '电子竞技']","                        理科学神陈牧，目标最高学府的好学生，却被系统选中，必须成为英雄联盟的大魔王！群聊号码：438301318vip群：584989166（粉丝值执事以上）                    "
0706828eb9ad4e9f806f60b18341f068,//book.qidian.com/info/1011085659,//bookcover.yuewen.com/qdbimg/349573/1011085659/150,纣临,三天两觉,"['科幻', '未来世界']","                        这只是个，关于一名平庸的、普通人的故事。                    "
984acd07eabb49e7a4068f6a829c59c4,//book.qidian.com/info/3439785,//bookcover.yuewen.com/qdbimg/349573/3439785/150,修真四万年,卧牛真人,"['科幻', '未来世界']","                        “倘若这宇宙，真是一片残酷血腥的黑暗森林，我们修真者，也会燃烧自己的生命，绽放出微弱的火花！”“哪怕这火花再微弱，再短暂，再渺小，可是只要我们源源不断，前赴后继，终有一日，火花会点燃杂草，杂草会燎到灌                    "
10b4ee52688e4a4ea067eb09a55a14c9,//book.qidian.com/info/1343635,//bookcover.yuewen.com/qdbimg/349573/1343635/150,官居一品,三戒大师,"['历史', '两宋元明']","                        数风流，论成败，百年一梦多慷慨有心要励精图治挽天倾，哪怕身后骂名滚滚来。轻生死，重兴衰，海雨天风独往来。谁不想万里长城永不倒，也难料恨水东逝归大海。                    "
3dd9fb0a37fe45f8b4e849c1fd1ca172,//book.qidian.com/info/1011497893,//bookcover.yuewen.com/qdbimg/349573/1011497893/150,极拳暴君,夜与雪,"['玄幻', '高武世界']","                        平行时空，全球灾变，秩序崩坏，世界沦为废土，幸存者百不存一，艰难求存。携带着一个残缺不全的主神，陈冲从另一个世界穿越而来了。超电磁炮，响雷果实，磁场转动，钛极金身......这是一个猛男的末世狂飙之旅                    "
feac5be7a63948aa990df94df385036c,//book.qidian.com/info/1013027141,//bookcover.yuewen.com/qdbimg/349573/1013027141/150,我家可能有位大佬,雨下的好大,"['玄幻', '东方玄幻']","                        江左有个貌美的老婆，可是她却经常出差。去干嘛？不是忙着给他带帽子，而是瞒着他降妖除魔去了。得知真相的江左连连叹息，看来自己也坐不住了。为了他美好的夫妻生活，江左只能暗中出手。降妖除魔嘛，维护天地秩序嘛                    "
6ffa7caedf514d30b465101a36f9e490,//book.qidian.com/info/3662715,//bookcover.yuewen.com/qdbimg/349573/3662715/150,大魏宫廷,贱宗首席弟子,"['历史', '架空历史']","                        新书《赵氏虎子》求收藏、推荐生作大魏皇子，愿当盛世闲王。志在偎红倚翠犬马声色，胸怀家国百姓社稷安危。若兄贤，若弟明，尔为人王吾偷闲。若尔不能使国强，吾来登基做帝王！————弘润《你不行我上》                    "
ecfd6cfeb7ad48679044d8a5cff7a508,//book.qidian.com/info/114559,//bookcover.yuewen.com/qdbimg/349573/114559/150,庆余年,猫腻,"['历史', '架空历史']","                        积善之家，必有余庆，留余庆，留余庆，忽遇恩人；幸娘亲，幸娘亲，积得阴功。劝人生，济困扶穷……而谁可知，人生于世，上承余庆，终究却是要自己做出道路抉择，正是所谓岔枝发：东风携云雨，幼藤吐新芽。急催如颦鼓                    "
8e2ee49ff73f45aab758eccdbb427bdb,//book.qidian.com/info/1009704712,//bookcover.yuewen.com/qdbimg/349573/1009704712/150,牧神记,宅猪,"['玄幻', '东方玄幻']","                        大墟的祖训说，天黑，别出门。大墟残老村的老弱病残们从江边捡到了一个婴儿，取名秦牧，含辛茹苦将他养大。这一天夜幕降临，黑暗笼罩大墟，秦牧走出了家门……做个春风中荡漾的反派吧！瞎子对他说。秦牧的反派之路，                    "
5eb6706978464261acce5513ab77b922,//book.qidian.com/info/1011526746,//bookcover.yuewen.com/qdbimg/349573/1011526746/150,覆汉,榴弹怕水,"['历史', '秦汉三国']","                        努力闻达于诸侯，以求苟全性命于乱世！作为一个遗腹子，公孙珣很早就从自己那个号称穿越者的老娘处获取了人生指导纲领。然而，跟着历史大潮随波逐流了一年又一年，他却发现情况渐渐有些不对了！这是一个半土著的男人                    "
8d6813b88705416d81aff052106771c1,//book.qidian.com/info/1011251974,//bookcover.yuewen.com/qdbimg/349573/1011251974/150,联盟之魔王系统,神秘的大西瓜,"['游戏', '电子竞技']","                        理科学神陈牧，目标最高学府的好学生，却被系统选中，必须成为英雄联盟的大魔王！群聊号码：438301318vip群：584989166（粉丝值执事以上）                    "
8c84bcc2629b4f52b3957b1ec8a98631,//book.qidian.com/info/1011085659,//bookcover.yuewen.com/qdbimg/349573/1011085659/150,纣临,三天两觉,"['科幻', '未来世界']","                        这只是个，关于一名平庸的、普通人的故事。                    "
b9626771b81443b7882adf705f0ff26d,//book.qidian.com/info/3439785,//bookcover.yuewen.com/qdbimg/349573/3439785/150,修真四万年,卧牛真人,"['科幻', '未来世界']","                        “倘若这宇宙，真是一片残酷血腥的黑暗森林，我们修真者，也会燃烧自己的生命，绽放出微弱的火花！”“哪怕这火花再微弱，再短暂，再渺小，可是只要我们源源不断，前赴后继，终有一日，火花会点燃杂草，杂草会燎到灌                    "
adc046d798774013af1c65a7b88244e2,//book.qidian.com/info/1343635,//bookcover.yuewen.com/qdbimg/349573/1343635/150,官居一品,三戒大师,"['历史', '两宋元明']","                        数风流，论成败，百年一梦多慷慨有心要励精图治挽天倾，哪怕身后骂名滚滚来。轻生死，重兴衰，海雨天风独往来。谁不想万里长城永不倒，也难料恨水东逝归大海。                    "
01b126c02a3340d9874059018d0b644e,//book.qidian.com/info/1011497893,//bookcover.yuewen.com/qdbimg/349573/1011497893/150,极拳暴君,夜与雪,"['玄幻', '高武世界']","                        平行时空，全球灾变，秩序崩坏，世界沦为废土，幸存者百不存一，艰难求存。携带着一个残缺不全的主神，陈冲从另一个世界穿越而来了。超电磁炮，响雷果实，磁场转动，钛极金身......这是一个猛男的末世狂飙之旅                    "
b55a6a0924e3459fa9943b176a83dae1,//book.qidian.com/info/1013027141,//bookcover.yuewen.com/qdbimg/349573/1013027141/150,我家可能有位大佬,雨下的好大,"['玄幻', '东方玄幻']","                        江左有个貌美的老婆，可是她却经常出差。去干嘛？不是忙着给他带帽子，而是瞒着他降妖除魔去了。得知真相的江左连连叹息，看来自己也坐不住了。为了他美好的夫妻生活，江左只能暗中出手。降妖除魔嘛，维护天地秩序嘛                    "
f2b16917dbd548e9a1c0f7d108031cf0,//book.qidian.com/info/3662715,//bookcover.yuewen.com/qdbimg/349573/3662715/150,大魏宫廷,贱宗首席弟子,"['历史', '架空历史']","                        新书《赵氏虎子》求收藏、推荐生作大魏皇子，愿当盛世闲王。志在偎红倚翠犬马声色，胸怀家国百姓社稷安危。若兄贤，若弟明，尔为人王吾偷闲。若尔不能使国强，吾来登基做帝王！————弘润《你不行我上》                    "
9f808485c09d4dfda5d68ffaa595b1c6,//book.qidian.com/info/114559,//bookcover.yuewen.com/qdbimg/349573/114559/150,庆余年,猫腻,"['历史', '架空历史']","                        积善之家，必有余庆，留余庆，留余庆，忽遇恩人；幸娘亲，幸娘亲，积得阴功。劝人生，济困扶穷……而谁可知，人生于世，上承余庆，终究却是要自己做出道路抉择，正是所谓岔枝发：东风携云雨，幼藤吐新芽。急催如颦鼓                    "
8e48d0ea322c41ca8fc9e9d0cfd18c67,//book.qidian.com/info/1009704712,//bookcover.yuewen.com/qdbimg/349573/1009704712/150,牧神记,宅猪,"['玄幻', '东方玄幻']","                        大墟的祖训说，天黑，别出门。大墟残老村的老弱病残们从江边捡到了一个婴儿，取名秦牧，含辛茹苦将他养大。这一天夜幕降临，黑暗笼罩大墟，秦牧走出了家门……做个春风中荡漾的反派吧！瞎子对他说。秦牧的反派之路，                    "
8587ce74b89c4969acd3f8ad1ef0660e,//book.qidian.com/info/1011526746,//bookcover.yuewen.com/qdbimg/349573/1011526746/150,覆汉,榴弹怕水,"['历史', '秦汉三国']","                        努力闻达于诸侯，以求苟全性命于乱世！作为一个遗腹子，公孙珣很早就从自己那个号称穿越者的老娘处获取了人生指导纲领。然而，跟着历史大潮随波逐流了一年又一年，他却发现情况渐渐有些不对了！这是一个半土著的男人                    "
da2f52aa960e4d318447435b90c354d8,//book.qidian.com/info/1011251974,//bookcover.yuewen.com/qdbimg/349573/1011251974/150,联盟之魔王系统,神秘的大西瓜,"['游戏', '电子竞技']","                        理科学神陈牧，目标最高学府的好学生，却被系统选中，必须成为英雄联盟的大魔王！群聊号码：438301318vip群：584989166（粉丝值执事以上）                    "
2227049a6415470980455a55e1414ea2,//book.qidian.com/info/1011085659,//bookcover.yuewen.com/qdbimg/349573/1011085659/150,纣临,三天两觉,"['科幻', '未来世界']","                        这只是个，关于一名平庸的、普通人的故事。                    "
4523aae1687c463ca4484e7a81a2635e,//book.qidian.com/info/3439785,//bookcover.yuewen.com/qdbimg/349573/3439785/150,修真四万年,卧牛真人,"['科幻', '未来世界']","                        “倘若这宇宙，真是一片残酷血腥的黑暗森林，我们修真者，也会燃烧自己的生命，绽放出微弱的火花！”“哪怕这火花再微弱，再短暂，再渺小，可是只要我们源源不断，前赴后继，终有一日，火花会点燃杂草，杂草会燎到灌                    "
c3b2b89888bc404d895b8448726fc09a,//book.qidian.com/info/1343635,//bookcover.yuewen.com/qdbimg/349573/1343635/150,官居一品,三戒大师,"['历史', '两宋元明']","                        数风流，论成败，百年一梦多慷慨有心要励精图治挽天倾，哪怕身后骂名滚滚来。轻生死，重兴衰，海雨天风独往来。谁不想万里长城永不倒，也难料恨水东逝归大海。                    "
e4922e55effe486fbade073f26bd2c83,//book.qidian.com/info/1011497893,//bookcover.yuewen.com/qdbimg/349573/1011497893/150,极拳暴君,夜与雪,"['玄幻', '高武世界']","                        平行时空，全球灾变，秩序崩坏，世界沦为废土，幸存者百不存一，艰难求存。携带着一个残缺不全的主神，陈冲从另一个世界穿越而来了。超电磁炮，响雷果实，磁场转动，钛极金身......这是一个猛男的末世狂飙之旅                    "
13cd53a29e5140bdbf92ad6075199d07,//book.qidian.com/info/1013027141,//bookcover.yuewen.com/qdbimg/349573/1013027141/150,我家可能有位大佬,雨下的好大,"['玄幻', '东方玄幻']","                        江左有个貌美的老婆，可是她却经常出差。去干嘛？不是忙着给他带帽子，而是瞒着他降妖除魔去了。得知真相的江左连连叹息，看来自己也坐不住了。为了他美好的夫妻生活，江左只能暗中出手。降妖除魔嘛，维护天地秩序嘛                    "
ec47606c817948caa867abb1fa4f8dbb,//book.qidian.com/info/3662715,//bookcover.yuewen.com/qdbimg/349573/3662715/150,大魏宫廷,贱宗首席弟子,"['历史', '架空历史']","                        新书《赵氏虎子》求收藏、推荐生作大魏皇子，愿当盛世闲王。志在偎红倚翠犬马声色，胸怀家国百姓社稷安危。若兄贤，若弟明，尔为人王吾偷闲。若尔不能使国强，吾来登基做帝王！————弘润《你不行我上》                    "
b9b2a918ad71474ea141e86a80bb95cf,//book.qidian.com/info/114559,//bookcover.yuewen.com/qdbimg/349573/114559/150,庆余年,猫腻,"['历史', '架空历史']","                        积善之家，必有余庆，留余庆，留余庆，忽遇恩人；幸娘亲，幸娘亲，积得阴功。劝人生，济困扶穷……而谁可知，人生于世，上承余庆，终究却是要自己做出道路抉择，正是所谓岔枝发：东风携云雨，幼藤吐新芽。急催如颦鼓                    "
d8d151fbb33f4cb1b893541cf5d45191,//book.qidian.com/info/1009704712,//bookcover.yuewen.com/qdbimg/349573/1009704712/150,牧神记,宅猪,"['玄幻', '东方玄幻']","                        大墟的祖训说，天黑，别出门。大墟残老村的老弱病残们从江边捡到了一个婴儿，取名秦牧，含辛茹苦将他养大。这一天夜幕降临，黑暗笼罩大墟，秦牧走出了家门……做个春风中荡漾的反派吧！瞎子对他说。秦牧的反派之路，                    "
be620f8c9b8c4c2c9185fd270430cd7a,//book.qidian.com/info/1011526746,//bookcover.yuewen.com/qdbimg/349573/1011526746/150,覆汉,榴弹怕水,"['历史', '秦汉三国']","                        努力闻达于诸侯，以求苟全性命于乱世！作为一个遗腹子，公孙珣很早就从自己那个号称穿越者的老娘处获取了人生指导纲领。然而，跟着历史大潮随波逐流了一年又一年，他却发现情况渐渐有些不对了！这是一个半土著的男人                    "
57e2b0a115634433b80d50eeba65a061,//book.qidian.com/info/1011251974,//bookcover.yuewen.com/qdbimg/349573/1011251974/150,联盟之魔王系统,神秘的大西瓜,"['游戏', '电子竞技']","                        理科学神陈牧，目标最高学府的好学生，却被系统选中，必须成为英雄联盟的大魔王！群聊号码：438301318vip群：584989166（粉丝值执事以上）                    "
4c1178aa651e454cbfd1cbebb0d10f63,//book.qidian.com/info/1011085659,//bookcover.yuewen.com/qdbimg/349573/1011085659/150,纣临,三天两觉,"['科幻', '未来世界']","                        这只是个，关于一名平庸的、普通人的故事。                    "
cd948e75a3744b0bbad17e83b4680e82,//book.qidian.com/info/3439785,//bookcover.yuewen.com/qdbimg/349573/3439785/150,修真四万年,卧牛真人,"['科幻', '未来世界']","                        “倘若这宇宙，真是一片残酷血腥的黑暗森林，我们修真者，也会燃烧自己的生命，绽放出微弱的火花！”“哪怕这火花再微弱，再短暂，再渺小，可是只要我们源源不断，前赴后继，终有一日，火花会点燃杂草，杂草会燎到灌                    "
7bd791b94d774b02be29668cfd73290a,//book.qidian.com/info/1343635,//bookcover.yuewen.com/qdbimg/349573/1343635/150,官居一品,三戒大师,"['历史', '两宋元明']","                        数风流，论成败，百年一梦多慷慨有心要励精图治挽天倾，哪怕身后骂名滚滚来。轻生死，重兴衰，海雨天风独往来。谁不想万里长城永不倒，也难料恨水东逝归大海。                    "
b20b5050e85d4d53a913d6426bcb3e97,//book.qidian.com/info/1011497893,//bookcover.yuewen.com/qdbimg/349573/1011497893/150,极拳暴君,夜与雪,"['玄幻', '高武世界']","                        平行时空，全球灾变，秩序崩坏，世界沦为废土，幸存者百不存一，艰难求存。携带着一个残缺不全的主神，陈冲从另一个世界穿越而来了。超电磁炮，响雷果实，磁场转动，钛极金身......这是一个猛男的末世狂飙之旅                    "
a8d6583dd65a48668cb64914236fc853,//book.qidian.com/info/1013027141,//bookcover.yuewen.com/qdbimg/349573/1013027141/150,我家可能有位大佬,雨下的好大,"['玄幻', '东方玄幻']","                        江左有个貌美的老婆，可是她却经常出差。去干嘛？不是忙着给他带帽子，而是瞒着他降妖除魔去了。得知真相的江左连连叹息，看来自己也坐不住了。为了他美好的夫妻生活，江左只能暗中出手。降妖除魔嘛，维护天地秩序嘛                    "
2ceefbaa646c4a98bca3dc46e690415e,//book.qidian.com/info/3662715,//bookcover.yuewen.com/qdbimg/349573/3662715/150,大魏宫廷,贱宗首席弟子,"['历史', '架空历史']","                        新书《赵氏虎子》求收藏、推荐生作大魏皇子，愿当盛世闲王。志在偎红倚翠犬马声色，胸怀家国百姓社稷安危。若兄贤，若弟明，尔为人王吾偷闲。若尔不能使国强，吾来登基做帝王！————弘润《你不行我上》                    "
a958a82f38ba4fca9666f10fc6814c5f,//book.qidian.com/info/1013861765,//bookcover.yuewen.com/qdbimg/349573/1013861765/150,召唤梦魇,滚开,"['玄幻', '异世大陆']","                        这是一个普通人能从噩梦中获得力量，所发生的故事……林盛突然有一天，发现自己平凡普通的日常里，多出了一点异样。一个不断重复的噩梦，让他开始了一段无法形容的诡异旅程。一个庞大的梦魇，一个迷幻的秘密。~~新                    "
c5c64d561f194b999dc9a131a520c959,//book.qidian.com/info/1004890081,//bookcover.yuewen.com/qdbimg/349573/1004890081/150,神级大魔头,拉姆,"['玄幻', '东方玄幻']","                        “无耻夏平，抢我秘籍，夺我丹药，夺我未婚妻，我和你不共戴天。”“他是武道之耻，人类蛀虫，是人渣败类。”“无恶不作，连三岁小儿的棒棒糖也抢，老人过马路都不扶。”“四处惹是生非，各大家族的天才都被他殴打过                    "
e6954d75b5d441f4ab942c028e5f713d,//book.qidian.com/info/107580,//bookcover.yuewen.com/qdbimg/349573/107580/150,凡人修仙传,忘语,"['仙侠', '幻想修仙']","                        一个普通山村小子，偶然下进入到当地江湖小门派，成了一名记名弟子。他以这样身份，如何在门派中立足,如何以平庸的资质进入到修仙者的行列，从而笑傲三界之中！续篇《凡人修仙之仙界篇》已经在起点中文网上传了，欢                    "
dfb12d97ca2a47158368ae2f52c6ddac,//book.qidian.com/info/1013531433,//bookcover.yuewen.com/qdbimg/349573/1013531433/150,功法修改器,不死悟空,"['玄幻', '异世大陆']","                        石焱携功法修改器重生入九域玄幻世界，人族挣扎求生。九域世界以游戏形式发售、面世。当有一日，两界融合，妖魔肆虐而来。石焱内测进入九域世界，这一日，游戏尚未发售，玩家尚未进入，妖魔尚未影响……书友Q群：3                    "
d623ca5ed5934b8b91b5aea0d3cb773e,//book.qidian.com/info/1010968945,//bookcover.yuewen.com/qdbimg/349573/1010968945/150,拜见教主大人,封七月,"['武侠', '武侠幻想']","                        意外身亡，楚休发现自己竟然穿越到了游戏世界《大江湖》当中，成为了游戏中还没成长起来的，第三版的最大BOSS，昆仑教主！《大江湖》当中融汇无数武侠背景，有东岛之王天子望气，谈笑杀人。有丐帮之主掌出降龙，                    "
de433e34406f4683ab5aab33010642ec,//book.qidian.com/info/1735921,//bookcover.yuewen.com/qdbimg/349573/1735921/150,遮天,辰东,"['仙侠', '修真文明']","                        冰冷与黑暗并存的宇宙深处，九具庞大的龙尸拉着一口青铜古棺，亘古长存。这是太空探测器在枯寂的宇宙中捕捉到的一幅极其震撼的画面。九龙拉棺，究竟是回到了上古，还是来到了星空的彼岸？一个浩大的仙侠世界，光怪陆                    "
cfa183224747449897ab250747ed0c32,//book.qidian.com/info/1013913108,//bookcover.yuewen.com/qdbimg/349573/1013913108/150,万界之旅,冬日之阳,"['玄幻', '东方玄幻']","                        穿梭万界，漫步诸天。少林寺、飞狐外传、笑傲江湖、天龙八部、怒晴湘西、三国无双、……诸天万界，无尽传说，手握因果神器，成就无上业位！                    "
5233699d982347a7897fc577c91fcfcd,//book.qidian.com/info/1005399587,//bookcover.yuewen.com/qdbimg/349573/1005399587/150,宠物天王,皆破,"['都市', '都市生活', '轻小说']","                        【1.下载一款可疑的游戏】【2.捕捉几只神奇的宠物当伙伴】【3.在轻松有趣的日常里，带领宠物店走上崛起之路】###实体书1-3册已出版，各大电商有售###读者群：513717593（无粉丝值要求）VI                    "
1c7192e202c14079809827328152753d,//book.qidian.com/info/1887208,//bookcover.yuewen.com/qdbimg/349573/1887208/150,全职高手,蝴蝶蓝,"['游戏', '虚拟网游']","                        网游荣耀中被誉为教科书级别的顶尖高手，因为种种原因遭到俱乐部的驱逐，离开职业圈的他寄身于一家网吧成了一个小小的网管，但是，拥有十年游戏经验的他，在荣耀新开的第十区重新投入了游戏，带着对往昔的回忆，和一                    "
d78d312f2a174cdeb24629f3b177dda2,//book.qidian.com/info/1011335417,//bookcover.yuewen.com/qdbimg/349573/1011335417/150,深夜书屋,纯洁滴小龙,"['悬疑', '诡秘悬疑', '轻小说']","                        一家只在深夜开门营业的书屋，欢迎您的光临。——————【该作品简体版已出版，出版社天津人民出版社】——《vip全订书友群》：557560752（进群粉丝值验证）《读书群》：523978007（无需验证                    "
