本地生活-业务专员-温州瑞安, 温州, 本科 
乌鸫科技-数据分析师-生意参谋, 杭州, 本科 
大淘宝-女装商家商品运营-杭州, 杭州, 本科 
CTO线-高级研发工程师-JAVA平台开发、杭州, 杭州, 本科 
淘菜菜-供应链计划运营高级专员-杭州, 杭州, 本科 
本地生活-业务专员-无锡市区, 无锡, 本科 
淘菜菜-市场营销高级专员-石家庄, 石家庄, 本科 
淘菜菜-市场营销高级专员-济南, 济南, 本科 
淘菜菜-测试开发工程师-杭州, 杭州, 本科 
菜鸟-揽收运营管理-南京, 南京, 大专 
蚂蚁集团-金融分析专家（资产优选岗）-财富, 杭州,北京, 本科 
本地生活-合规策略专家-杭州/上海, 杭州, 本科 
阿里灵犀互娱-【专项】视频创意设计-发行, 广州, 大专 
阿里灵犀互娱-游戏海外运营-发行, 广州, 本科 
阿里灵犀互娱-游戏海外营销-发行, 广州, 本科 
菜鸟-分拨-数据主管-数据主管-南昌项目分拨, 南昌, 大专 
阿里灵犀互娱-游戏制作人/主策划-多方向, 广州, 本科 
蚂蚁集团- 高级用户运营专家-商业策略-支付宝, 杭州, 本科 
蚂蚁集团- 高级用户运营专家-区域运营-支付宝, 杭州, 本科 
蚂蚁集团-收银台营销高级专员-国际事业群, 杭州,上海, 本科 
