[
{"name": "\u751f\u4eba\u52ff\u8fdb\u7b2c\u4e00\u5b63", "type": "\u5267\u60c5"},
{"name": "\u72af\u7f6a\u73b0\u573a\u8c03\u67e5\uff1a\u7ef4\u52a0\u65af\u7b2c\u4e8c\u5b63", "type": "\u7f6a\u6848,\u60ac\u7591,\u5267\u60c5"},
{"name": "\u963f\u62c9\u65af\u52a0\u65e5\u62a5\u7b2c\u4e00\u5b63", "type": "\u5267\u60c5"},
{"name": "19\u53f7\u6d88\u9632\u5c40\u7b2c\u516d\u5b63", "type": "\u7231\u60c5,\u60ca\u609a,\u52a8\u4f5c,\u5267\u60c5"},
{"name": "\u9b3c\u5c4b\u6b22\u4e50\u9001\u7f8e\u7248\u7b2c\u4e8c\u5b63", "type": "\u5947\u5e7b,\u559c\u5267"},
{"name": "\u7f8e\u56fd\u821e\u7537\u7b2c\u4e00\u5b63", "type": "\u7f6a\u6848,\u7231\u60c5,\u60ca\u609a,\u60ac\u7591,\u5267\u60c5"},
{"name": "\u5bb6\u5ead\u4e4b\u53cb\u7b2c\u4e00\u5b63", "type": "\u7f6a\u6848,\u5267\u60c5"},
{"name": "\u5fb7\u5dde\u5de1\u8b66\u7b2c\u4e09\u5b63", "type": "\u897f\u90e8,\u7f6a\u6848,\u52a8\u4f5c,\u5267\u60c5"},
{"name": "\u5c0f\u8c22\u5c14\u987f\u7b2c\u516d\u5b63", "type": "\u559c\u5267"},
{"name": "\u5c0f\u5b66\u98ce\u4e91\u7b2c\u4e8c\u5b63", "type": "\u559c\u5267"},
{"name": "\u9879\u5854\u5170\u7b2c\u4e00\u5b63", "type": "\u7f6a\u6848,\u60ca\u609a,\u52a8\u4f5c,\u5267\u60c5"},
{"name": "\u8fb9\u7f18\u4e16\u754c\u7b2c\u4e00\u5b63", "type": "\u79d1\u5e7b,\u60ca\u609a"},
{"name": "\u6089\u5c3c\u8c6a\u5b85\u7b2c\u4e09\u5b63", "type": "\u771f\u4eba\u79c0"},
{"name": "\u4e2d\u592e\u516c\u56ed\u7b2c\u4e09\u5b63", "type": "\u6b4c\u821e,\u559c\u5267,\u52a8\u753b"},
{"name": "\u963f\u5361\u666e\u9ad8\u7b2c\u4e8c\u5b63", "type": "\u559c\u5267"},
{"name": "\u4e9a\u7279\u5170\u5927\u7b2c\u56db\u5b63", "type": "\u6b4c\u821e,\u559c\u5267,\u5267\u60c5"},
{"name": "\u5fb7\u5dde\u5de1\u8b66\uff1a\u72ec\u7acb\u7b2c\u4e00\u5b63", "type": "\u5267\u60c5"},
{"name": "\u5c0f\u6076\u9b54\u7b2c\u4e00\u5b63", "type": "\u559c\u5267,\u52a8\u753b"},
{"name": "\u5438\u8840\u9b3c\u5b66\u9662\u7b2c\u4e00\u5b63", "type": "\u5947\u5e7b,\u5267\u60c5"},
{"name": "\u53eb\u6211\u51ef\u7279\u7b2c\u4e09\u5b63", "type": "\u559c\u5267"},
{"name": "\u6b22\u8fce\u6765\u5230\u5f17\u62c9\u5947\u7b2c\u4e00\u5b63", "type": "\u559c\u5267"},
{"name": "\u5b9e\u4e60\u533b\u751f\u683c\u857e\u7b2c\u5341\u4e5d\u5b63", "type": "\u7231\u60c5,\u5267\u60c5"},
{"name": "\u5e2e\u5e2e\u6211\u6258\u5fb7\u7b2c\u4e00\u5b63", "type": "\u5267\u60c5"},
{"name": "\u6781\u901f\u524d\u8fdb\u7b2c\u4e09\u5341\u56db\u5b63", "type": "\u771f\u4eba\u79c0,\u5192\u9669"},
{"name": "\u4e07\u7269\u65e2\u4f1f\u5927\u53c8\u6e3a\u5c0f\u7b2c\u4e09\u5b63", "type": "\u6682\u65e0"},
{"name": "\u9010\u661f\u5973\u7b2c\u4e09\u5b63", "type": "\u79d1\u5e7b,\u52a8\u4f5c,\u5267\u60c5"},
{"name": "\u50b2\u9aa8\u4e4b\u6218\u7b2c\u516d\u5b63", "type": "\u7f6a\u6848,\u5267\u60c5"},
{"name": "\u7f8e\u56fd\u6050\u6016\u6545\u4e8b\u7b2c\u5341\u4e00\u5b63", "type": "\u60ca\u609a,\u60ac\u7591,\u5267\u60c5"},
{"name": "\u5929\u7a7a\u5e02\u51f6\u6848\u7b2c\u4e09\u5b63", "type": "\u7f6a\u6848,\u60ca\u609a,\u60ac\u7591,\u5267\u60c5"},
{"name": "T\u6559\u6388\u7b2c\u4e8c\u5b63", "type": "\u7f6a\u6848,\u60ac\u7591,\u5267\u60c5"},
{"name": "\u829d\u52a0\u54e5\u8b66\u7f72\u7b2c\u5341\u5b63", "type": "\u7f6a\u6848,\u52a8\u4f5c,\u5267\u60c5"},
{"name": "\u6f58\u5c3c\u6c83\u65af\u7b2c\u4e09\u5b63", "type": "\u7f6a\u6848,\u52a8\u4f5c,\u5267\u60c5"},
{"name": "\u9b3c\u5a03\u6070\u5409\u7b2c\u4e8c\u5b63", "type": "\u60ca\u609a"},
{"name": "\u5438\u8840\u9b3c\u96f7\u5409\u7eb3\u5fb7\u7b2c\u4e00\u5b63", "type": "\u60ca\u609a,\u559c\u5267"},
{"name": "\u8054\u90a6\u8c03\u67e5\u5c40\u7b2c\u4e94\u5b63", "type": "\u6682\u65e0"},
{"name": "\u6551\u8d4e\u72ac\u7b2c\u4e8c\u5b63", "type": "\u7f6a\u6848,\u559c\u5267"},
{"name": "\u68b5\u8482\u5188\u5c11\u5973\uff1a\u5965\u5170\u8fea\u5931\u8e2a\u6848\u7b2c\u4e00\u5b63", "type": "\u8bb0\u5f55"},
{"name": "\u5361\u6234\u73ca\u5bb6\u65cf\u7b2c\u4e8c\u5b63", "type": "\u771f\u4eba\u79c0"},
{"name": "\u661f\u9645\u8ff7\u822a\uff1a\u4e0b\u5c42\u8230\u5458\u7b2c\u4e09\u5b63", "type": "\u79d1\u5e7b,\u52a8\u753b,\u52a8\u4f5c,\u5267\u60c5,\u5192\u9669"},
{"name": "\u4f20\u5947\u7403\u961f\uff1a\u6d1b\u6749\u77f6\u6e56\u4eba\u961f\u5b9e\u5f55\u7b2c\u4e00\u5b63", "type": "\u8bb0\u5f55"},
{"name": "\u4f26\u6566\u9ed1\u5e2e\u7b2c\u4e8c\u5b63", "type": "\u7f6a\u6848,\u52a8\u4f5c,\u5267\u60c5"},
{"name": "\u5bb6\u5ead\u7ecf\u6d4e\u5b66\u7b2c\u4e09\u5b63", "type": "\u559c\u5267"},
{"name": "\u529f\u592b\u7b2c\u4e09\u5b63", "type": "\u52a8\u4f5c,\u5267\u60c5,\u5192\u9669"},
{"name": "\u5e78\u5b58\u8005\u7b2c\u56db\u5341\u4e09\u5b63", "type": "\u771f\u4eba\u79c0"},
{"name": "\u91d1\u8272\u5e74\u4ee3\u7b2c\u5341\u5b63", "type": "\u5192\u9669"},
{"name": "\u829d\u52a0\u54e5\u70c8\u7130\u7b2c\u5341\u4e00\u5b63", "type": "\u7f6a\u6848,\u5267\u60c5"},
{"name": "\u829d\u52a0\u54e5\u533b\u9662\u7b2c\u516b\u5b63", "type": "\u5267\u60c5"},
{"name": "\u5eb7\u7eb3\u5bb6\u5ead\u751f\u6d3b\u7b2c\u4e94\u5b63", "type": "\u559c\u5267"},
{"name": "\u6cd5\u5f8b\u4e0e\u79e9\u5e8f\uff1a\u7ec4\u7ec7\u72af\u7f6a\u7b2c\u4e09\u5b63", "type": "\u7f6a\u6848,\u60ca\u609a,\u60ac\u7591,\u5267\u60c5"},
{"name": "\u5b89\u591a\u7b2c\u4e00\u5b63", "type": "\u79d1\u5e7b,\u52a8\u4f5c,\u5192\u9669"},
{"name": "\u6e29\u5f7b\u65af\u7279\u5bb6\u65cf\u7b2c\u4e00\u5b63", "type": "\u9b54\u5e7b,\u60ac\u7591,\u5947\u5e7b"},
{"name": "\u8d3c\u5a46\u7ffb\u8eab\u8bb0\u7b2c\u4e00\u5b63", "type": "\u559c\u5267"},
{"name": "\u5df4\u6bd4\u4f26\u67cf\u6797\u7b2c\u56db\u5b63", "type": "\u7f6a\u6848,\u60ca\u609a,\u5386\u53f2,\u5267\u60c5"},
{"name": "\u541b\u4e3b\u7b2c\u4e00\u5b63", "type": "\u6b4c\u821e,\u5267\u60c5"},
{"name": "\u8054\u90a6\u8c03\u67e5\u5c40\uff1a\u901a\u7f09\u8981\u72af\u7b2c\u56db\u5b63", "type": "\u7f6a\u6848,\u52a8\u4f5c,\u5267\u60c5"},
{"name": "\u795e\u79d8\u654c\u4eba\u7b2c\u4e00\u5b63", "type": "\u7f6a\u6848,\u5267\u60c5"},
{"name": "\u6e05\u6d01\u5de5\u7b2c\u4e8c\u5b63", "type": "\u7f6a\u6848,\u60ca\u609a,\u5267\u60c5"},
{"name": "\u533b\u9662\u9769\u547d\u7b2c\u4e94\u5b63", "type": "\u5267\u60c5"},
{"name": "\u7231\u60c5\u76f2\u9009\u7b2c\u4e09\u5b63", "type": "\u6682\u65e0"},
{"name": "\u4f7f\u5973\u7684\u6545\u4e8b\u7b2c\u4e94\u5b63", "type": "\u79d1\u5e7b,\u60ac\u7591,\u5267\u60c5"},
{"name": "\u62c9\u5e03\u96f7\u4e9a\u7b2c\u4e8c\u5b63", "type": "\u79d1\u5e7b,\u60ac\u7591,\u5267\u60c5"},
{"name": "\u6cd5\u5f8b\u4e0e\u79e9\u5e8f\uff1a\u7279\u6b8a\u53d7\u5bb3\u8005\u7b2c\u4e8c\u5341\u56db\u5b63", "type": "\u7f6a\u6848,\u60ac\u7591,\u5267\u60c5"},
{"name": "\u5df4\u9ece\u5723\u6bcd\u9662\u6d74\u706b\u91cd\u751f\u8bb0\u7b2c\u4e00\u5b63", "type": "\u5267\u60c5"},
{"name": "\u7d27\u6025\u547c\u6551\u7b2c\u516d\u5b63", "type": "\u7f6a\u6848,\u60ca\u609a,\u5267\u60c5"},
{"name": "\u91ce\u9e2d\u53d8\u51e4\u51f0\u7b2c\u4e8c\u5b63", "type": "\u559c\u5267,\u5267\u60c5"},
{"name": "\u4f4f\u9662\u533b\u5e08\u7b2c\u516d\u5b63", "type": "\u5267\u60c5"},
{"name": "\u9047\u89c1\u6df7\u4e71\u7b2c\u4e00\u5b63", "type": "\u559c\u5267"},
{"name": "\u7231\u5165\u6b67\u9014\u7b2c\u4e00\u5b63", "type": "\u7231\u60c5,\u60ac\u7591,\u5267\u60c5"},
{"name": "\u4e39\u5c3c\u5c14\u7684\u534a\u751f\u7f18\u7b2c\u4e00\u5b63", "type": "\u7231\u60c5,\u5386\u53f2,\u5267\u60c5"},
{"name": "\u4f38\u51a4\u4eba\u7b2c\u4e09\u5b63", "type": "\u7f6a\u6848,\u60ca\u609a,\u60ac\u7591,\u52a8\u4f5c,\u5267\u60c5"},
{"name": "\u8517\u7cd6\u5973\u738b\u7b2c\u4e03\u5b63", "type": "\u5267\u60c5"},
{"name": "\u8054\u90a6\u8c03\u67e5\u5c40\uff1a\u56fd\u9645\u7b2c\u4e8c\u5b63", "type": "\u7f6a\u6848,\u52a8\u4f5c,\u5267\u60c5"},
{"name": "\u83dc\u9e1f\u8001\u8b66\uff1a\u8054\u90a6\u8c03\u67e5\u5458\u7b2c\u4e00\u5b63", "type": "\u7f6a\u6848,\u5267\u60c5"},
{"name": "\u5408\u7406\u6000\u7591\u7b2c\u4e00\u5b63", "type": "\u5267\u60c5"},
{"name": "\u7b2c\u4e94\u5927\u9053\u7b2c\u4e8c\u5b63", "type": "\u79d1\u5e7b,\u559c\u5267"},
{"name": "\u672a\u89e3\u4e4b\u8c1c\u7b2c\u4e09\u5b63", "type": "\u60ac\u7591"},
{"name": "\u7279\u6b8a\u75c5\u4eba\u7b2c\u4e00\u5b63", "type": "\u60ca\u609a,\u60ac\u7591,\u5267\u60c5"},
{"name": "\u826f\u533b\u7b2c\u516d\u5b63", "type": "\u5267\u60c5"},
{"name": "\u4e1c\u90bb\u897f\u820d\u7b2c\u4e94\u5b63", "type": "\u5bb6\u5ead,\u559c\u5267,\u5267\u60c5"},
{"name": "\u91cd\u542f\u5267\u7ec4\u7b2c\u4e00\u5b63", "type": "\u559c\u5267"},
{"name": "\u6bc1\u574f\u7b2c\u4e00\u5b63", "type": "\u60ca\u609a,\u60ac\u7591,\u559c\u5267"},
{"name": "\u65f6\u7a7a\u602a\u5ba2\u7b2c\u4e00\u5b63", "type": "\u79d1\u5e7b"},
{"name": "\u6d77\u519b\u7f6a\u6848\u8c03\u67e5\u5904\uff1a\u590f\u5a01\u5937\u7b2c\u4e8c\u5b63", "type": "\u7f6a\u6848,\u52a8\u4f5c,\u5267\u60c5"},
{"name": "\u795e\u63a2\u9ed8\u591a\u514b\u7b2c\u5341\u516d\u5b63", "type": "\u7f6a\u6848,\u60ac\u7591,\u5267\u60c5"},
{"name": "\u9f99\u4e4b\u5bb6\u65cf\u7b2c\u4e00\u5b63", "type": "\u9b54\u5e7b,\u5947\u5e7b,\u5267\u60c5,\u5192\u9669"},
{"name": "\u6d77\u519b\u7f6a\u6848\u8c03\u67e5\u5904\u7b2c\u4e8c\u5341\u5b63", "type": "\u7f6a\u6848,\u60ac\u7591,\u5267\u60c5"},
{"name": "\u83dc\u9e1f\u8001\u8b66\u7b2c\u4e94\u5b63", "type": "\u7f6a\u6848,\u52a8\u4f5c"},
{"name": "\u672a\u6765\u5168\u660e\u661f\uff1a\u8fd4\u6821\u7b2c\u4e8c\u5b63", "type": "\u5267\u60c5"},
{"name": "\u672a\u6765\u5168\u660e\u661f\u7b2c\u4e94\u5b63", "type": "\u5267\u60c5"},
{"name": "\u54c8\u5fb7\u68ee\u4e0e\u96f7\u514b\u65af\u7b2c\u4e94\u5b63", "type": "\u5267\u60c5"},
{"name": "\u9c8d\u52c3\u5fc3\u52a8\u7b2c\u56db\u5b63", "type": "\u7231\u60c5,\u559c\u5267"},
{"name": "\u5f00\u5fc3\u6c49\u5821\u5e97\u7b2c\u5341\u4e09\u5b63", "type": "\u559c\u5267,\u52a8\u753b"},
{"name": "\u5355\u6311\u8352\u91ce\u7b2c\u4e09\u5b63", "type": "\u8bb0\u5f55,\u771f\u4eba\u79c0,\u5192\u9669"},
{"name": "\u5355\u6311\u8352\u91ce\u7b2c\u4e8c\u5b63", "type": "\u8bb0\u5f55,\u771f\u4eba\u79c0,\u5192\u9669"},
{"name": "\u8840\u8272\u571f\u5730\u7b2c\u4e8c\u5b63", "type": "\u7f6a\u6848,\u60ca\u609a,\u5267\u60c5"},
{"name": "\u82ac\u59ae\u5e0c\u5c14\u7b2c\u4e00\u5b63", "type": "\u5267\u60c5"},
{"name": "\u8f9b\u666e\u68ee\u4e00\u5bb6\u7b2c\u4e09\u5341\u56db\u5b63", "type": "\u559c\u5267,\u52a8\u753b"},
{"name": "\u884c\u5c38\u8d70\u8089\u7b2c\u5341\u4e00\u5b63", "type": "\u60ca\u609a,\u5267\u60c5,\u4e27\u5c38"},
{"name": "\u6e7e\u7554\u503e\u60c5\u7b2c\u516d\u5b63", "type": "\u5bb6\u5ead,\u5267\u60c5"},
{"name": "\u4fa6\u63a2\u4eba\u751f\u7b2c\u4e09\u5b63", "type": "\u7f6a\u6848,\u60ac\u7591,\u559c\u5267,\u5267\u60c5"}
]