name,type
生人勿进第一季,剧情
犯罪现场调查：维加斯第二季,"罪案,悬疑,剧情"
阿拉斯加日报第一季,剧情
19号消防局第六季,"爱情,惊悚,动作,剧情"
鬼屋欢乐送美版第二季,"奇幻,喜剧"
美国舞男第一季,"罪案,爱情,惊悚,悬疑,剧情"
家庭之友第一季,"罪案,剧情"
德州巡警第三季,"西部,罪案,动作,剧情"
小谢尔顿第六季,喜剧
小学风云第二季,喜剧
项塔兰第一季,"罪案,惊悚,动作,剧情"
边缘世界第一季,"科幻,惊悚"
悉尼豪宅第三季,真人秀
中央公园第三季,"歌舞,喜剧,动画"
阿卡普高第二季,喜剧
亚特兰大第四季,"歌舞,喜剧,剧情"
德州巡警：独立第一季,剧情
小恶魔第一季,"喜剧,动画"
吸血鬼学院第一季,"奇幻,剧情"
叫我凯特第三季,喜剧
欢迎来到弗拉奇第一季,喜剧
实习医生格蕾第十九季,"爱情,剧情"
帮帮我托德第一季,剧情
极速前进第三十四季,"真人秀,冒险"
万物既伟大又渺小第三季,暂无
逐星女第三季,"科幻,动作,剧情"
傲骨之战第六季,"罪案,剧情"
美国恐怖故事第十一季,"惊悚,悬疑,剧情"
天空市凶案第三季,"罪案,惊悚,悬疑,剧情"
T教授第二季,"罪案,悬疑,剧情"
芝加哥警署第十季,"罪案,动作,剧情"
潘尼沃斯第三季,"罪案,动作,剧情"
鬼娃恰吉第二季,惊悚
吸血鬼雷吉纳德第一季,"惊悚,喜剧"
联邦调查局第五季,暂无
救赎犬第二季,"罪案,喜剧"
梵蒂冈少女：奥兰迪失踪案第一季,记录
卡戴珊家族第二季,真人秀
星际迷航：下层舰员第三季,"科幻,动画,动作,剧情,冒险"
传奇球队：洛杉矶湖人队实录第一季,记录
伦敦黑帮第二季,"罪案,动作,剧情"
家庭经济学第三季,喜剧
功夫第三季,"动作,剧情,冒险"
幸存者第四十三季,真人秀
金色年代第十季,冒险
芝加哥烈焰第十一季,"罪案,剧情"
芝加哥医院第八季,剧情
康纳家庭生活第五季,喜剧
法律与秩序：组织犯罪第三季,"罪案,惊悚,悬疑,剧情"
安多第一季,"科幻,动作,冒险"
温彻斯特家族第一季,"魔幻,悬疑,奇幻"
贼婆翻身记第一季,喜剧
巴比伦柏林第四季,"罪案,惊悚,历史,剧情"
君主第一季,"歌舞,剧情"
联邦调查局：通缉要犯第四季,"罪案,动作,剧情"
神秘敌人第一季,"罪案,剧情"
清洁工第二季,"罪案,惊悚,剧情"
医院革命第五季,剧情
爱情盲选第三季,暂无
使女的故事第五季,"科幻,悬疑,剧情"
拉布雷亚第二季,"科幻,悬疑,剧情"
法律与秩序：特殊受害者第二十四季,"罪案,悬疑,剧情"
巴黎圣母院浴火重生记第一季,剧情
紧急呼救第六季,"罪案,惊悚,剧情"
野鸭变凤凰第二季,"喜剧,剧情"
住院医师第六季,剧情
遇见混乱第一季,喜剧
爱入歧途第一季,"爱情,悬疑,剧情"
丹尼尔的半生缘第一季,"爱情,历史,剧情"
伸冤人第三季,"罪案,惊悚,悬疑,动作,剧情"
蔗糖女王第七季,剧情
联邦调查局：国际第二季,"罪案,动作,剧情"
菜鸟老警：联邦调查员第一季,"罪案,剧情"
合理怀疑第一季,剧情
第五大道第二季,"科幻,喜剧"
未解之谜第三季,悬疑
特殊病人第一季,"惊悚,悬疑,剧情"
良医第六季,剧情
东邻西舍第五季,"家庭,喜剧,剧情"
重启剧组第一季,喜剧
毁坏第一季,"惊悚,悬疑,喜剧"
时空怪客第一季,科幻
海军罪案调查处：夏威夷第二季,"罪案,动作,剧情"
神探默多克第十六季,"罪案,悬疑,剧情"
龙之家族第一季,"魔幻,奇幻,剧情,冒险"
海军罪案调查处第二十季,"罪案,悬疑,剧情"
菜鸟老警第五季,"罪案,动作"
未来全明星：返校第二季,剧情
未来全明星第五季,剧情
哈德森与雷克斯第五季,剧情
鲍勃心动第四季,"爱情,喜剧"
开心汉堡店第十三季,"喜剧,动画"
单挑荒野第三季,"记录,真人秀,冒险"
单挑荒野第二季,"记录,真人秀,冒险"
血色土地第二季,"罪案,惊悚,剧情"
芬妮希尔第一季,剧情
辛普森一家第三十四季,"喜剧,动画"
行尸走肉第十一季,"惊悚,剧情,丧尸"
湾畔倾情第六季,"家庭,剧情"
侦探人生第三季,"罪案,悬疑,喜剧,剧情"
